[{"_id":{"$oid":"573a13baf29313caabd512d4"},"awards":{"nominations":2,"text":"2 nominations.","wins":0},"cast":["Megumi Ogata","Megumi Hayashibara","Yèko Miyamura","Maaya Sakamoto"],"countries":["Japan"],"directors":["Hideaki Anno","Mahiro Maeda","Masayuki","Kazuya Tsurumaki"],"fullplot":"14 years have passed since the near third impact. Most of the world has changed except Shinji Ikari who awakens, unaged in a new and strange environment. Misato has formed a group that has is separate from Nerv. The fight is far from over but the biggest struggle might be against humans and former allies.","genres":["Animation","Action","Drama"],"id":49,"imdb":{"id":860907,"rating":7.0,"votes":4506},"languages":["Japanese"],"lastupdated":"2015-08-22 01:00:44.657000000","num_mflix_comments":0,"plot":"14 years have passed since the near third impact. Most of the world has changed except Shinji Ikari who awakens, unaged in a new and strange environment. Misato has formed a group that has ...","poster":"https://m.media-amazon.com/images/M/MV5BMTc5ODE2MzcxN15BMl5BanBnXkFtZTgwODQ0MzY5MDE@._V1_SY1000_SX677_AL_.jpg","released":{"$date":"2012-11-17T00:00:00Z"},"runtime":96,"title":"Evangelion: 3.0 You Can (Not) Redo","tomatoes":{"lastUpdated":{"$date":"2015-08-30T19:16:29Z"},"production":"Eleven Arts","viewer":{"meter":64,"numReviews":321,"rating":3.5},"website":"http://www.facebook.com/EvangelionMovie"},"type":"movie","writers":["Hideaki Anno (screenplay)"],"year":2012}]
