[{"_id":{"$oid":"573a13baf29313caabd514dc"},"awards":{"nominations":2,"text":"2 wins & 2 nominations.","wins":2},"cast":["Jè Odagiri","Nao èmori","Yè Aoi","Lily"],"countries":["Japan"],"directors":["Katsuhiro ètomo"],"fullplot":"Ginko, a Mushi-shi has always been attuned to the Mushi, creatures close to life itself and able to affect and alter their surroundings. He cannot stay in one place for too long so he wanders, helping the inhabitants of rural Japan understand the Mushi around them and how to coexist peacefully.","genres":["Fantasy"],"id":59,"imdb":{"id":862946,"rating":6.2,"votes":809},"languages":["Japanese"],"lastupdated":"2015-06-28 00:44:32.883000000","num_mflix_comments":1,"plot":"A wandering mystical doctor passes through remote regions of Japan uncovering supernatural creatures called the Mushi and curing people of their effects.","poster":"https://m.media-amazon.com/images/M/MV5BMTY1NDcwYmUtZjQ3NC00NmUyLWFmYjItMGNiNmQ5OGEzNzZiXkEyXkFqcGdeQXVyNTAyODkwOQ@@._V1_SY1000_SX677_AL_.jpg","released":{"$date":"2007-03-24T00:00:00Z"},"runtime":131,"title":"Mushi-Shi: The Movie","tomatoes":{"dvd":{"$date":"2009-08-25T00:00:00Z"},"lastUpdated":{"$date":"2015-08-31T19:03:59Z"},"production":"Tohokushinsha Film Corp.","viewer":{"meter":51,"numReviews":798,"rating":3.3},"website":"http://www.mushishi-movie.jp/"},"type":"movie","writers":["Yuki Urushibara (comic)","Sadayuki Murai (screenplay)","Katsuhiro ètomo (screenplay)"],"year":2006}]
