[{"_id":{"$oid":"573a13baf29313caabd51bcb"},"awards":{"nominations":0,"text":"2 wins.","wins":2},"cast":["Matthew Knoll","Elliot Ruiz","Eric Mehalacopoulos","Nathan De La Cruz"],"countries":["UK"],"directors":["Nick Broomfield"],"fullplot":"In November 2005, US Marines fell into an ambush by Iraqi insurgents and one officer got killed. The reprisals by the the Americans were frightening, resulting in the massacre of 24 people, many of whom women and children. \"Battle for Haditha\" is the faithful account of this tragic event which scandalized the world.","genres":["Drama","History","War"],"id":81,"imdb":{"id":870211,"rating":7.0,"votes":6204},"languages":["English","Arabic"],"lastupdated":"2015-09-17 04:24:33.923000000","metacritic":65,"num_mflix_comments":0,"plot":"An investigation of the massacre of 24 men, women and children in Haditha, Iraq allegedly shot by 4 U.S. Marines in retaliation for the death of a U.S. Marine killed by a roadside bomb. The movie follows the story of the Marines of Kilo Company, an Iraqi family, and the insurgents who plant the roadside bomb.","poster":"https://m.media-amazon.com/images/M/MV5BMTk2NjU1ODEwMl5BMl5BanBnXkFtZTcwOTE0NTkxMg@@._V1_SY1000_SX677_AL_.jpg","rated":"R","released":{"$date":"2008-05-07T00:00:00Z"},"runtime":97,"title":"Battle for Haditha","tomatoes":{"consensus":"This narrative retelling of the real life tragedy in Haditha is gripping and immediate but may sacrifice the subtleties of history for dramatic impact.","critic":{"meter":67,"numReviews":30,"rating":6.1},"dvd":{"$date":"2008-12-30T00:00:00Z"},"fresh":20,"lastUpdated":{"$date":"2015-09-12T17:52:21Z"},"production":"HanWay Films","rotten":10,"viewer":{"meter":71,"numReviews":3016,"rating":3.6}},"type":"movie","writers":["Nick Broomfield","Marc Hoeferlin","Anna Telford"],"year":2007}]
