[{"_id":{"$oid":"573a13baf29313caabd514a3"},"awards":{"nominations":5,"text":"7 wins & 5 nominations.","wins":7},"cast":["Dylan Baker","Rochelle Aytes","Quinn Lord","Lauren Lee Smith"],"countries":["USA"],"directors":["Michael Dougherty"],"fullplot":"Five interwoven stories that occur on the same block, on the same night. A couple finds what happens when they blow a jack o' lantern out before midnight, a high school principal has a secret life as a serial killer, a college virgin might have met the right guy for her, a group of mean teens play a prank that they take too far, and a hermit is visited by a special trick or treater.","genres":["Comedy","Horror","Thriller"],"id":57,"imdb":{"id":862856,"rating":6.8,"votes":56890},"languages":["English"],"lastupdated":"2015-08-24 00:49:09.540000000","num_mflix_comments":0,"plot":"Four interwoven stories that occur on Halloween: An everyday high school principal has a secret life as a serial killer; a college virgin might have just met the one guy for her; a group of teenagers pull a mean prank; a woman who loathes the night has to contend with her holiday-obsessed husband and a mean old man meets his match with a demonic, supernatural trick -or treater.","poster":"https://m.media-amazon.com/images/M/MV5BYmIyY2E5YjMtZDA3NC00MmIzLWFkZmItNzVlODllZWNlZmRkXkEyXkFqcGdeQXVyNTIzOTk5ODM@._V1_SY1000_SX677_AL_.jpg","rated":"R","released":{"$date":"2007-12-09T00:00:00Z"},"runtime":82,"title":"Trick 'r Treat","tomatoes":{"consensus":"An deftly crafted tribute to Halloween legends, Trick 'r' Treat hits all the genre marks with gusto and old fashioned suspense.","critic":{"meter":86,"numReviews":21,"rating":7.4},"dvd":{"$date":"2009-10-06T00:00:00Z"},"fresh":18,"lastUpdated":{"$date":"2015-09-16T17:09:33Z"},"production":"Warner Bros. Pictures","rotten":3,"viewer":{"meter":70,"numReviews":29975,"rating":3.6}},"type":"movie","writers":["Michael Dougherty"],"year":2007}]
