[{"_id":{"$oid":"573a13baf29313caabd50e6f"},"awards":{"nominations":3,"text":"13 wins & 3 nominations.","wins":13},"cast":["Patrick Moore","Erich Ritter","Rob Stewart","Paul Watson"],"countries":["Canada"],"directors":["Rob Stewart"],"fullplot":"Sharkwater - The Story \"An eye-opening film...visually stunning... this movie will change the way you see our oceans.\" - Bonnie Laufer, Tribute Magazine For filmmaker Rob Stewart, exploring sharks began as an underwater adventure. What it turned into was a beautiful and dangerous life journey into the balance of life on earth. Driven by passion fed from a life-long fascination with sharks, Stewart debunks historical stereotypes and media depictions of sharks as bloodthirsty, man-eating monsters and reveals the reality of sharks as pillars in the evolution of the seas. Filmed in visually stunning, high definition video, Sharkwater takes you into the most shark rich waters of the world, exposing the exploitation and corruption surrounding the world's shark populations in the marine reserves of Cocos Island, Costa Rica and the Galapagos Islands, Ecuador. In an effort to protect sharks, Stewart teams up with renegade conservationist Paul Watson of the Sea Shepherd Conservation Society. Their unbelievable adventure together starts with a battle between the Sea Shepherd and shark poachers in Guatemala, resulting in pirate boat rammings, gunboat chases, mafia espionage, corrupt court systems and attempted murder charges, forcing them to flee for their lives. Through it all, Stewart discovers these magnificent creatures have gone from predator to prey, and how despite surviving the earth's history of mass extinctions, they could easily be wiped out within a few years due to human greed. Stewart's remarkable journey of courage and determination changes from a mission to save the world's sharks, into a fight for his life, and that of humankind.","genres":["Documentary"],"id":32,"imdb":{"id":856008,"rating":8.0,"votes":3949},"languages":["English"],"lastupdated":"2015-09-16 00:22:42.570000000","metacritic":59,"num_mflix_comments":1,"plot":"Sharkwater - The Story \"An eye-opening film...visually stunning... this movie will change the way you see our oceans.\" - Bonnie Laufer, Tribute Magazine For filmmaker Rob Stewart, exploring...","poster":"https://m.media-amazon.com/images/M/MV5BMTM2NjI2MDkyNV5BMl5BanBnXkFtZTcwMjcyNTE0MQ@@._V1_SY1000_SX677_AL_.jpg","rated":"PG","released":{"$date":"2007-11-02T00:00:00Z"},"runtime":89,"title":"Sharkwater","tomatoes":{"consensus":"In addition to its breathtaking underwater photography, Sharkwater has a convincing, impassioned argument of how the plight of sharks affects everyone.","critic":{"meter":79,"numReviews":39,"rating":6.4},"dvd":{"$date":"2008-04-08T00:00:00Z"},"fresh":31,"lastUpdated":{"$date":"2015-09-03T18:17:29Z"},"production":"Freestyle Releasing","rotten":8,"viewer":{"meter":88,"numReviews":4150,"rating":4.2},"website":"http://www.sharkwater.com/"},"type":"movie","writers":["Rob Stewart"],"year":2006}]
