[{"_id":{"$oid":"573a13baf29313caabd51486"},"awards":{"nominations":5,"text":"2 wins & 5 nominations.","wins":2},"cast":["Amy Adams","Emily Blunt","Alan Arkin","Jason Spevack"],"countries":["USA"],"directors":["Christine Jeffs"],"fullplot":"A family. Rose and Norah, in Albuquerque, lost their mother when they were young. Rose is responsible - a housecleaner, raising her seven-year-old son Oscar. She's also having an affair with Mac, a married cop, her high-school sweetheart. Norah can't hold a job. Their dad, Joe, is quirky. When Oscar is expelled for odd behavior, Rose wants to earn enough to send him to private school. Mac suggests she clean up after crime scenes, suicides, and deaths that go undiscovered for awhile. Rose enlists Norah, and Sunshine Cleaners is born. Norah bonds with the dead, Rose finds out that it's a regulated business, and complications arise. Can a family marked by tragedy sort things out?","genres":["Comedy","Drama"],"id":56,"imdb":{"id":862846,"rating":6.9,"votes":59007},"languages":["English","Spanish"],"lastupdated":"2015-08-19 00:02:40.297000000","metacritic":61,"num_mflix_comments":0,"plot":"In order to raise the tuition to send her young son to private school, a mom starts an unusual business -- a biohazard removal/crime scene clean-up service -- with her unreliable sister.","poster":"https://m.media-amazon.com/images/M/MV5BMTU4MzUzMTg4M15BMl5BanBnXkFtZTcwNDY2MjUyMg@@._V1_SY1000_SX677_AL_.jpg","rated":"R","released":{"$date":"2009-04-17T00:00:00Z"},"runtime":91,"title":"Sunshine Cleaning","tomatoes":{"boxOffice":"$12.0M","consensus":"Despite a sometimes overly familiar plot, Sunshine Cleaning benefits from the lively performances of its two stars.","critic":{"meter":72,"numReviews":167,"rating":6.3},"dvd":{"$date":"2009-08-25T00:00:00Z"},"fresh":121,"lastUpdated":{"$date":"2015-08-21T19:13:56Z"},"production":"Overture Films","rotten":46,"viewer":{"meter":62,"numReviews":180250,"rating":3.3},"website":"http://www.sunshinecleaning-themovie.com/"},"type":"movie","writers":["Megan Holley"],"year":2008}]
