[{"_id":{"$oid":"573a13baf29313caabd51839"},"awards":{"nominations":2,"text":"2 nominations.","wins":0},"cast":["Maria Bello","Emily Blunt","Kathy Baker","Amy Brenneman"],"countries":["USA"],"directors":["Robin Swicord"],"fullplot":"Explores Austen's adage that general incivility is at love's essence. Sylvia's husband dumps her for another woman, so Bernadette and Jocelyn organize a book club to distract her. They recruit Sylvia's daughter Allegra; Prudie, a young teacher whose marriage may be on the rocks; and Grigg, a sci-fi fan who joins out of attraction to Jocelyn. The six read and discuss one Austen novel per month. Jocelyn tries to interest Grigg in Sylvia; Allegra falls in love with a woman she meets skydiving; Prudie contemplates an affair with a student; Sylvia's ex keeps popping up. In the discussions, characters reveal themselves in their comments. By the end, are truths universally acknowledged?","genres":["Comedy","Drama","Romance"],"id":70,"imdb":{"id":866437,"rating":6.9,"votes":20395},"languages":["English"],"lastupdated":"2015-09-15 02:23:58.763000000","metacritic":61,"num_mflix_comments":1,"plot":"Six Californians start a club to discuss the works of Jane Austen, only to find their relationships -- both old and new -- begin to resemble 21st century versions of her novels.","poster":"https://m.media-amazon.com/images/M/MV5BMTY5MTYwMzM3MF5BMl5BanBnXkFtZTcwOTAxODM1MQ@@._V1_SY1000_SX677_AL_.jpg","rated":"PG-13","released":{"$date":"2007-10-05T00:00:00Z"},"runtime":106,"title":"The Jane Austen Book Club","tomatoes":{"boxOffice":"$3.3M","consensus":"Though at times formulaic and sentimental, Jane Austen Book Club succeeds on the strength of its likable ensemble cast. Even those not familiar with Jane Austen's work may find much to enjoy this lighthearted romance.","critic":{"meter":65,"numReviews":115,"rating":6.1},"dvd":{"$date":"2008-02-05T00:00:00Z"},"fresh":75,"lastUpdated":{"$date":"2015-08-21T18:03:12Z"},"production":"Sony Pictures Classics","rotten":40,"viewer":{"meter":67,"numReviews":26801,"rating":3.5},"website":"http://www.sonyclassics.com/thejaneaustenbookclub"},"type":"movie","writers":["Robin Swicord (screenplay)","Karen Joy Fowler (book)"],"year":2007}]
