[{"_id":{"$oid":"573a13baf29313caabd507e0"},"awards":{"nominations":21,"text":"1 win & 21 nominations.","wins":1},"cast":["Blake Anderson","Aziz Ansari","Allison Bills","Jim Conroy"],"countries":["USA"],"directors":["Chris Wedge"],"fullplot":"Young Mary Katherine (M.K.) returns to her eccentric scientist father's home, but his all-consuming quest to discover a tiny civilization in the neighboring forest drives them apart. However, M.K. soon finds herself shrunken down by Queen Tara of that forest who was mortally wounded by the putrefying Boggans, and charged to deliver a pod bearing the new Queen to safety. Together with a veteran Leafman warrior, two goofy mollusks and a young maverick, M.K. agrees to help. As the villainous Boggan leader, Mandrake closes in, M.K. and her new friends must draw on the best of themselves together and discover what they have to save their world.","genres":["Animation","Adventure","Family"],"id":3,"imdb":{"id":848537,"rating":6.7,"votes":79225},"languages":["English"],"lastupdated":"2015-09-12 00:35:30.227000000","metacritic":52,"num_mflix_comments":0,"plot":"A teenager finds herself transported to a deep forest setting where a battle between the forces of good and the forces of evil is taking place. She bands together with a rag-tag group of characters in order to save their world -- and ours.","poster":"https://m.media-amazon.com/images/M/MV5BMTgyNDYwNzE5NV5BMl5BanBnXkFtZTcwMzUyODM5OA@@._V1_SY1000_SX677_AL_.jpg","rated":"PG","released":{"$date":"2013-05-24T00:00:00Z"},"runtime":102,"title":"Epic","tomatoes":{"dvd":{"$date":"2011-05-03T00:00:00Z"},"lastUpdated":{"$date":"2015-08-22T19:15:37Z"},"production":"Gravitas","viewer":{"meter":40,"numReviews":4873,"rating":3.1}},"type":"movie","writers":["James V. Hart (screenplay)","William Joyce (screenplay)","Daniel Shere (screenplay)","Tom J. Astle (screenplay)","Matt Ember (screenplay)","William Joyce (story)","James V. Hart (story)","Chris Wedge (story)","William Joyce (Leafmen characters from book \"The Leaf Men and the Brave Good Bugs\")"],"year":2013}]
