[{"_id":{"$oid":"573a13baf29313caabd51212"},"awards":{"nominations":1,"text":"1 nomination.","wins":0},"cast":["Libby Brien","Cullet Eric","Philip Hersh","Wasan Khantaau"],"countries":["Thailand"],"directors":["Bhandit Thongdee"],"fullplot":"When a supernatural substance embeds itself in the body of an unsuspecting fireman, he is transformed into the superhuman Mercury Man.","genres":["Action"],"id":47,"imdb":{"id":860462,"rating":4.4,"votes":316},"languages":["Thai"],"lastupdated":"2015-08-20 00:28:47.187000000","num_mflix_comments":0,"plot":"When a supernatural substance embeds itself in the body of an unsuspecting fireman, he is transformed into the superhuman Mercury Man.","poster":"https://m.media-amazon.com/images/M/MV5BNGQyYTdiY2ItMjAyMy00YTgwLWFiNTQtZjI0ODMzOWZjMTU5XkEyXkFqcGdeQXVyNDQ2MTMzODA@._V1_SY1000_SX677_AL_.jpg","rated":"R","released":{"$date":"2006-08-10T00:00:00Z"},"title":"Mercury Man","tomatoes":{"dvd":{"$date":"2009-01-27T00:00:00Z"},"lastUpdated":{"$date":"2015-09-03T18:08:11Z"},"production":"Magnolia Pictures","viewer":{"meter":21,"numReviews":410,"rating":3.0},"website":"http://www.mercurymanmovie.com/"},"type":"movie","year":2006}]
