[{"_id":{"$oid":"573a13bbf29313caabd52cf3"},"awards":{"nominations":0,"text":"1 win.","wins":1},"cast":["Stephan Bender","Thomas Jay Ryan","Diana Scarwid","Tom Gilroy"],"countries":["USA"],"directors":["James Bolton"],"fullplot":"Chronicles the relationship between two gay teenagers in the rural south in the late '70s.","genres":["Drama","Romance"],"id":160,"imdb":{"id":889595,"rating":6.4,"votes":2582},"languages":["English"],"lastupdated":"2015-07-21 06:31:34.450000000","num_mflix_comments":1,"plot":"Chronicles the relationship between two gay teenagers in the rural south in the late '70s.","poster":"https://m.media-amazon.com/images/M/MV5BMDA1MzUyMWUtZDk4Yy00MDU3LTg5ODktNTRhYzQzNjY0YzA0XkEyXkFqcGdeQXVyMTk3NDAwMzI@._V1_SY1000_SX677_AL_.jpg","rated":"R","released":{"$date":"2008-12-11T00:00:00Z"},"runtime":88,"title":"Dream Boy","tomatoes":{"dvd":{"$date":"2010-08-10T00:00:00Z"},"lastUpdated":{"$date":"2015-08-13T19:43:38Z"},"production":"Regent Releasing/here! Films","viewer":{"meter":43,"numReviews":392,"rating":3.1},"website":"http://www.dreamboy-themovie.com/"},"type":"movie","writers":["James Bolton","Jim Grimsley (novel)"],"year":2008}]
