[{"_id":{"$oid":"573a13baf29313caabd515f8"},"awards":{"nominations":19,"text":"Won 1 Oscar. Another 5 wins & 19 nominations.","wins":6},"cast":["Keira Knightley","Ralph Fiennes","Charlotte Rampling","Dominic Cooper"],"countries":["UK","Italy","France","USA"],"directors":["Saul Dibb"],"fullplot":"Georgiana Spencer became Duchess of Devonshire on her marriage to the Duke in 1774, at the height of the Georgian period, a period of fashion, decadence, and political change. Spirited and adored by the public at large she quickly found her marriage to be a disappointment, defined by her duty to produce a male heir and the Duke's philandering and callous indifference to her. She befriends Lady Bess but finds she is once again betrayed by her husband who wields his power with the three eventually living uncomfortably together. Against this background, and with the pressures of an unfaithful husband, strict social pressures and constant public scrutiny, Georgiana falls passionately in love with Charles Grey, a rising young Whig politician. However, despite his ongoing liaison with Lady Bess, the Duke refuses to allow her to continue the affair and threatens to take her children from her.","genres":["Biography","Drama","History"],"id":61,"imdb":{"id":864761,"rating":6.9,"votes":56215},"languages":["English"],"lastupdated":"2015-09-11 00:19:48.887000000","metacritic":62,"num_mflix_comments":1,"plot":"A chronicle of the life of 18th century aristocrat Georgiana, Duchess of Devonshire, who was reviled for her extravagant political and personal life.","poster":"https://m.media-amazon.com/images/M/MV5BMTU1MTQzMjgzNl5BMl5BanBnXkFtZTcwNTQxMzk3MQ@@._V1_SY1000_SX677_AL_.jpg","rated":"PG-13","released":{"$date":"2008-10-10T00:00:00Z"},"runtime":110,"title":"The Duchess","tomatoes":{"boxOffice":"$13.8M","consensus":"While The Duchess treads the now-familiar terrain of the corset-ripper, the costumes look great and Keira Knightley's performance is stellar in this subtly feminist, period drama.","critic":{"meter":61,"numReviews":162,"rating":6.3},"dvd":{"$date":"2009-01-27T00:00:00Z"},"fresh":99,"lastUpdated":{"$date":"2015-09-12T17:52:36Z"},"production":"Paramount Vantage","rotten":63,"viewer":{"meter":67,"numReviews":68463,"rating":3.5},"website":"http://www.theduchessmovie.com/"},"type":"movie","writers":["Jeffrey Hatcher (screenplay)","Anders Thomas Jensen (screenplay)","Saul Dibb (screenplay)","Amanda Foreman (book)"],"year":2008}]
