[{"_id":{"$oid":"573a13bbf29313caabd52f75"},"awards":{"nominations":0,"text":"1 win.","wins":1},"cast":["Bono","Adam Clayton","Larry Mullen Jr.","The Edge"],"countries":["USA"],"directors":["Catherine Owens","Mark Pellington"],"fullplot":"A 3-D presentation of U2's global \"Vertigo\" tour. Shot at seven different shows, this production employs the greatest number of 3-D cameras ever used for a single project.","genres":["Documentary","Music"],"id":173,"imdb":{"id":892375,"rating":8.4,"votes":2638},"languages":["English"],"lastupdated":"2015-08-07 00:42:33.960000000","metacritic":83,"num_mflix_comments":0,"plot":"A 3-D presentation of U2's global \"Vertigo\" tour. Shot at seven different shows, this production employs the greatest number of 3-D cameras ever used for a single project.","poster":"https://m.media-amazon.com/images/M/MV5BMTM4MzYzMDE1OV5BMl5BanBnXkFtZTcwMDI0OTg1MQ@@._V1_SY1000_SX677_AL_.jpg","rated":"G","released":{"$date":"2008-02-22T00:00:00Z"},"runtime":85,"title":"U2 3D","tomatoes":{"boxOffice":"$10.4M","consensus":"3D transports the viewer to an intimate seat at a U2 performance, for an exhilarating musical experience at the price of a movie ticket.","critic":{"meter":93,"numReviews":87,"rating":7.5},"dvd":{"$date":"2009-01-01T00:00:00Z"},"fresh":81,"lastUpdated":{"$date":"2015-07-20T18:52:23Z"},"production":"National Geographic","rotten":6,"viewer":{"meter":92,"numReviews":6051,"rating":4.4},"website":"http://www.u23dmovie.com"},"type":"movie","year":2007}]
