[{"_id":{"$oid":"573a13baf29313caabd51609"},"awards":{"nominations":1,"text":"1 nomination.","wins":0},"cast":["Nicolas Cazalè","Clotilde Hesme","Daniel Duval","Jeanne Goupil"],"countries":["France"],"directors":["Eric Guirado"],"fullplot":"Antoine Sforza, a thirty-year-old young man, left his village ten years before in order to start a new life in the big city, but now that his father, a traveling grocer, is in hospital after a stroke, he more or less reluctantly accepts to come back to replace him in his daily rounds. Back in the village, accompanied by Claire, a young woman he loves but who hesitates to commit herself, he does the job half-satisfactorily. Too blunt, not in harmony with the locals, he offends them more than he serves them. Fortunately Claire, who has more business acumen, helps him to improve his skills. On the other hand, the relationships are tense with his brother Franèois and even worse with his father, who despises him. So when the latter is back in the village, the situation deteriorates...","genres":["Drama"],"id":62,"imdb":{"id":864770,"rating":7.1,"votes":2048},"languages":["French"],"lastupdated":"2015-08-10 00:53:13.987000000","num_mflix_comments":0,"plot":"Antoine Sforza, a thirty-year-old young man, left his village ten years before in order to start a new life in the big city, but now that his father, a traveling grocer, is in hospital ...","poster":"https://m.media-amazon.com/images/M/MV5BNWE2ZDg2MGQtZDU5Ni00ZTI4LWI1ZjItMWNlNTE0MDZmMjhlXkEyXkFqcGdeQXVyMjQzMzQzODY@._V1_SY1000_SX677_AL_.jpg","released":{"$date":"2008-06-06T00:00:00Z"},"runtime":96,"title":"The Grocer's Son","tomatoes":{"consensus":"A noteworthy performance by Eric Guirado makes this gently pastoral film a moving coming-of-age story.","critic":{"meter":90,"numReviews":58,"rating":7.0},"dvd":{"$date":"2009-01-06T00:00:00Z"},"fresh":52,"lastUpdated":{"$date":"2015-07-12T18:09:14Z"},"production":"Les Films du Losange","rotten":6,"viewer":{"meter":75,"numReviews":2132,"rating":3.7},"website":"http://www.lefilsdelepicier-lefilm.com/"},"type":"movie","writers":["Eric Guirado (scenario)","Florence Vignon (scenario)","Eric Guirado (idea)"],"year":2007}]
