[{"_id":{"$oid":"573a13bbf29313caabd526d0"},"awards":{"nominations":1,"text":"1 nomination.","wins":0},"countries":["Netherlands"],"directors":["Michiel van Erp"],"fullplot":"Van Erp displays the mechanics behind the Dutch tourism industry. Key figures behind events and destinations are followed, like the manager of Zutphen city promotion in his attempt to lure more tourists, the Efteling theme park director working on the latest attraction and the manager of Batavia Stad outlet store running the Christmas sale. With his traditional tongue-in-cheek style, he gives a good view on what happens behind the scenes of \"a day out\".","genres":["Documentary"],"id":129,"imdb":{"id":882800,"rating":7.3,"votes":237},"languages":["Dutch","Mandarin"],"lastupdated":"2015-02-26 00:48:24.883000000","num_mflix_comments":0,"plot":"Van Erp shows us what the Dutch do in their spare time and takes a look at the industry behind all these leisure activities.","poster":"https://m.media-amazon.com/images/M/MV5BMTUwNjU0ODg3N15BMl5BanBnXkFtZTcwMzg3NjYxNA@@._V1_SY1000_SX677_AL_.jpg","released":{"$date":"2006-10-18T00:00:00Z"},"runtime":90,"title":"Pretpark Nederland","tomatoes":{"dvd":{"$date":"2010-06-22T00:00:00Z"},"lastUpdated":{"$date":"2014-11-24T14:15:50Z"},"viewer":{"numReviews":19,"rating":2.2}},"type":"movie","writers":["Renè van 't Erve (scenario)","Michiel van Erp (scenario)"],"year":2006}]
