[{"_id":{"$oid":"573a13bbf29313caabd525de"},"awards":{"nominations":1,"text":"1 win & 1 nomination.","wins":1},"cast":["Richard Roxburgh","Ioan Gruffudd","Rhys Wakefield","Alice Parkinson"],"countries":["USA","Australia"],"directors":["Alister Grierson"],"fullplot":"The 3-D action-thriller Sanctum follows a team of underwater cave divers on a treacherous expedition to the largest, most beautiful and least accessible cave system on Earth. When a tropical storm forces them deep into the caverns, they must fight raging water, deadly terrain and creeping panic as they search for an unknown escape route to the sea. Master diver Frank McGuire has explored the South Pacific's Esa-ala Caves for months. But when his exit is cut off in a flash flood, Frank's team-including 17-year-old son Josh and financier Carl Hurley are forced to radically alter plans. With dwindling supplies, the crew must navigate an underwater labyrinth to make it out. Soon, they are confronted with the unavoidable question: Can they survive, or will they be trapped forever?","genres":["Adventure","Drama","Thriller"],"id":122,"imdb":{"id":881320,"rating":5.9,"votes":44736},"languages":["English"],"lastupdated":"2015-09-04 00:18:12.053000000","metacritic":42,"num_mflix_comments":0,"plot":"An underwater cave diving team experiences a life-threatening crisis during an expedition to the unexplored and least accessible cave system in the world.","poster":"https://m.media-amazon.com/images/M/MV5BMTM4MjY1NTEyNV5BMl5BanBnXkFtZTcwMTc3MjcxNA@@._V1_SY1000_SX677_AL_.jpg","rated":"R","released":{"$date":"2011-02-04T00:00:00Z"},"runtime":108,"title":"Sanctum","tomatoes":{"boxOffice":"$23.1M","consensus":"Sanctum is beautifully photographed, and it makes better use of 3-D technology than most, but that doesn't make up for its ham-handed script and lifeless cast.","critic":{"meter":30,"numReviews":163,"rating":4.5},"dvd":{"$date":"2011-06-07T00:00:00Z"},"fresh":49,"lastUpdated":{"$date":"2015-09-13T09:55:11Z"},"production":"Universal Pictures","rotten":114,"viewer":{"meter":38,"numReviews":38108,"rating":2.9},"website":"http://www.sanctummovie.com/"},"type":"movie","writers":["John Garvin","Andrew Wight","Andrew Wight (story)"],"year":2011}]
