[{"_id":{"$oid":"573a13baf29313caabd52026"},"awards":{"nominations":5,"text":"4 wins & 5 nominations.","wins":4},"cast":["Michelle Meadows","Michael Segerstrèm","Richard Ulfsèter","Michael Lindgren"],"countries":["Sweden"],"directors":["Johan Kling"],"fullplot":"A tragic and comic tale about beautiful and self-absorbed Eva, who cheats on her boyfriend, which becomes the starting point of a slow but relentless descent down to the life of ordinary people and a surprising, but doomed friendship.","genres":["Drama"],"id":103,"imdb":{"id":875581,"rating":6.5,"votes":1286},"languages":["Swedish"],"lastupdated":"2015-08-01 00:07:47.813000000","num_mflix_comments":0,"plot":"A tragic and comic tale about beautiful and self-absorbed Eva, who cheats on her boyfriend, which becomes the starting point of a slow but relentless descent down to the life of ordinary people and a surprising, but doomed friendship.","poster":"https://m.media-amazon.com/images/M/MV5BN2Q3YmNkZGQtMjAyYS00OTUzLWFkMmQtNjQxMjJkYjE5YzMzXkEyXkFqcGdeQXVyNzQxNDExNTU@._V1_SY1000_SX677_AL_.jpg","released":{"$date":"2007-02-09T00:00:00Z"},"runtime":94,"title":"Darling","tomatoes":{"lastUpdated":{"$date":"2015-08-11T19:13:37Z"},"viewer":{"meter":95,"numReviews":1904,"rating":4.3}},"type":"movie","writers":["Johan Kling"],"year":2007}]
