[{"_id":{"$oid":"573a13baf29313caabd50811"},"awards":{"nominations":8,"text":"8 nominations.","wins":0},"cast":["Steve Le Marquand","Tom Budge","Gigi Edgley","Glenn Hazeldine"],"countries":["Australia"],"directors":["Jeremy Sims"],"fullplot":"Two thugs from the Perth suburb of Midland catch the last train to Fremantle. When a young woman boards the train a few stops later, they begin talking and find out not everyone on the train is who they seem to be.","genres":["Drama","Thriller"],"id":7,"imdb":{"id":848592,"rating":6.7,"votes":722},"languages":["English"],"lastupdated":"2015-08-24 00:42:50.807000000","num_mflix_comments":0,"plot":"Two thugs from the Perth suburb of Midland catch the last train to Fremantle. When a young woman boards the train a few stops later, they begin talking and find out not everyone on the train is who they seem to be.","poster":"https://m.media-amazon.com/images/M/MV5BMjA0NTQ2ODc0OV5BMl5BanBnXkFtZTcwNDI4MDg5MQ@@._V1_SY1000_SX677_AL_.jpg","released":{"$date":"2006-09-14T00:00:00Z"},"runtime":89,"title":"Last Train to Freo","tomatoes":{"lastUpdated":{"$date":"2015-08-18T18:32:00Z"},"viewer":{"meter":69,"numReviews":911,"rating":3.5}},"type":"movie","writers":["Reg Cribb (play)","Reg Cribb (screenplay)"],"year":2006}]
