[{"_id":{"$oid":"573a13baf29313caabd50def"},"awards":{"nominations":0,"text":"3 wins.","wins":3},"cast":["Ken Ogata","Hana Sugiura","Saki Takaoka","Shèta Matsuda"],"countries":["Japan"],"directors":["Eiji Okuda"],"fullplot":"Matsutaro Yasuda, a retired girl's High School Principal who has lost his wife to alcoholism and is forsaken by his Daughter, moves to an old apartment in a country town. Yasuda, at his new address, meets a little five years old girl who lives next door. Sachi, the little girl, clenches on an iron fence at the apartment. All alone, she is gazing into the distance. Angel's wings made of cardboard are on her back. She is barefoot and wears a summer dress in spite of it being winter. On her leg there are scratches and bruises. Yasuda speaks to Sachi but she does not smile or say a word. When night falls, violent voices can be heard from next door to the mother and her lover echoing in Yasuda's room almost every night. Yasuda blocked out his emotions. He didn't want to hear or see anything. However, little by little something moved his emotions we can call it passion. When he looked into the little girl's eyes, which are also lacking in emotion, something seemed to overlap his wounded heart. \"Have you ever seen a blue sky? Where clouds appear like cotton candy and a white bird is flying high?\" \"Would you like to walk with me?\" Yasuda and Sachi begin their long walk.... During their walk, the two meet a young boy named Wataru at a small desolate train station. Wataru seems to be easygoing. However, he is also lonely and holds an empty feeling in his heart. The passing Wataru joins the two on their journey but the trip goes in an unexpected direction when one day Sachi begins to open her heart to Yasuda and Wataru. Cardboard Angel wings begin to fly toward a real sky.......","genres":["Drama"],"id":30,"imdb":{"id":855866,"rating":7.2,"votes":132},"languages":["Japanese"],"lastupdated":"2015-06-08 00:20:04.117000000","num_mflix_comments":0,"plot":"Matsutaro Yasuda, a retired girl's High School Principal who has lost his wife to alcoholism and is forsaken by his Daughter, moves to an old apartment in a country town. Yasuda, at his new...","released":{"$date":"2006-12-01T00:00:00Z"},"runtime":136,"title":"A Long Walk","tomatoes":{"lastUpdated":{"$date":"2015-05-19T18:45:50Z"},"viewer":{"meter":100,"numReviews":161,"rating":4.5}},"type":"movie","writers":["Eiji Okuda (story)","Yukiko Yamamuro","Sakura Momoyama"],"year":2006}]
