[{"_id":{"$oid":"573a13baf29313caabd51ed1"},"awards":{"nominations":0,"text":"1 win.","wins":1},"cast":["Missi Pyle","Melissa McCarthy","Larry Sullivan","Phill Lewis"],"countries":["USA"],"directors":["Tate Taylor"],"fullplot":"Former college chums gather for what they think is their fat friend's dying last days, but they instead find her celebrating the last few days before reaching her target weight loss at a mountain lodge with a subsequent hiking trip planned for them all. Though it's the woman's long-held dream journey that she wanted to take with her best friends, the others, largely, can't get over the feeling of being duped, with everyone's emotional baggage breaking out awkwardly all along their forced and uncomfortable three-day hike back to civilization.","genres":["Comedy"],"id":95,"imdb":{"id":874425,"rating":4.9,"votes":1103},"languages":["English"],"lastupdated":"2015-09-17 00:48:04.357000000","num_mflix_comments":0,"plot":"Lucy has always used food to escape life's problems, but when this self-titled \"fat friend\" lures her group of old college buddies to the Montana wilderness, she reveals a new self - skinny, beautiful and still flawed.","poster":"https://m.media-amazon.com/images/M/MV5BNDcyNjg1MzkxOV5BMl5BanBnXkFtZTcwOTc4ODc3Mg@@._V1_SY1000_SX677_AL_.jpg","rated":"R","released":{"$date":"2008-04-12T00:00:00Z"},"runtime":99,"title":"Pretty Ugly People","tomatoes":{"dvd":{"$date":"2010-01-12T00:00:00Z"},"lastUpdated":{"$date":"2015-08-26T18:57:02Z"},"production":"Osiris Entertainment","viewer":{"meter":27,"numReviews":603,"rating":2.8},"website":"http://www.prettyuglypeople.com/PUP-index.html"},"type":"movie","writers":["Tate Taylor"],"year":2008}]
