[{"_id":{"$oid":"573a13baf29313caabd521a6"},"awards":{"nominations":14,"text":"12 wins & 14 nominations.","wins":12},"cast":["Tomoko Yamaguchi","Kazushige Nagashima","Yèki Amami","Jèji Tokoro"],"countries":["Japan"],"directors":["Hayao Miyazaki"],"fullplot":"The son of a sailor, 5-year old Sosuke lives a quiet life on an oceanside cliff with his mother Lisa. One fateful day, he finds a beautiful goldfish trapped in a bottle on the beach and upon rescuing her, names her Ponyo. But she is no ordinary goldfish. The daughter of a masterful wizard and a sea goddess, Ponyo uses her father's magic to transform herself into a young girl and quickly falls in love with Sosuke, but the use of such powerful sorcery causes a dangerous imbalance in the world. As the moon steadily draws nearer to the earth and Ponyo's father sends the ocean's mighty waves to find his daughter, the two children embark on an adventure of a lifetime to save the world and fulfill Ponyo's dreams of becoming human.","genres":["Animation","Family","Fantasy"],"id":107,"imdb":{"id":876563,"rating":7.7,"votes":76850},"languages":["Japanese"],"lastupdated":"2015-09-11 00:40:47.953000000","metacritic":86,"num_mflix_comments":0,"plot":"An adventure about a five-year-old boy and his relationship with Ponyo, a goldfish princess who longs to become a human after falling in love with him.","poster":"https://m.media-amazon.com/images/M/MV5BMjA5NzkxNTg2MF5BMl5BanBnXkFtZTcwMTA3MjU1Mg@@._V1_SY1000_SX677_AL_.jpg","rated":"G","released":{"$date":"2009-08-14T00:00:00Z"},"runtime":101,"title":"Ponyo","tomatoes":{"boxOffice":"$14.8M","consensus":"While not Miyazaki's best film, Ponyo is a visually stunning fairy tale that's a sweetly poetic treat for children of all ages.","critic":{"meter":92,"numReviews":159,"rating":7.6},"dvd":{"$date":"2010-03-02T00:00:00Z"},"fresh":146,"lastUpdated":{"$date":"2015-09-14T18:41:37Z"},"production":"Walt Disney Pictures","rotten":13,"viewer":{"meter":83,"numReviews":95910,"rating":3.9},"website":"http://www.disney.com/Ponyo"},"type":"movie","writers":["Hayao Miyazaki"],"year":2008}]
