[{"_id":{"$oid":"573a13baf29313caabd5182c"},"awards":{"nominations":1,"text":"1 nomination.","wins":0},"cast":["Matt Lanter","Amanda Walsh","Colm Feore","Chuck Shamata"],"countries":["USA"],"directors":["Stuart Gillard"],"fullplot":"The United State's Department of Homeland Security is led to believe an American teen hacker playing a terrorist-attack simulator game online is a real terrorist out to destroy the U.S.","genres":["Drama","Sci-Fi","Thriller"],"id":68,"imdb":{"id":865957,"rating":4.5,"votes":3915},"languages":["English"],"lastupdated":"2015-08-20 01:16:32.890000000","num_mflix_comments":2,"plot":"The United State's Department of Homeland Security is led to believe an American teen hacker playing a terrorist-attack simulator game online is a real terrorist out to destroy the U.S.","poster":"https://m.media-amazon.com/images/M/MV5BMTM5NTExMTk1Nl5BMl5BanBnXkFtZTcwOTAxNDc3NA@@._V1_SY1000_SX677_AL_.jpg","rated":"PG-13","released":{"$date":"2008-07-29T00:00:00Z"},"runtime":100,"title":"WarGames: The Dead Code","tomatoes":{"dvd":{"$date":"2008-07-29T00:00:00Z"},"lastUpdated":{"$date":"2015-08-20T18:02:58Z"},"production":"Fox Home Entertainment","viewer":{"meter":25,"numReviews":2536,"rating":2.6}},"type":"movie","writers":["Randall M. Badat (teleplay)","Rob Kerchner (story)","Randall M. Badat (story)","Lawrence Lasker (characters)","Walter F. Parkes (characters)"],"year":2008}]
