[{"_id":{"$oid":"573a13bbf29313caabd52680"},"awards":{"nominations":0,"text":"1 win.","wins":1},"cast":["Ben Gazzara","David Moscow","Talia Shire","Pedro Armendèriz Jr."],"countries":["USA"],"directors":["Andrzej Krakowski"],"fullplot":"Description: Arrogant Hollywood talent agent, Josh Ross (David Moscow) is sent to Guatemala to find Oscar-winning actor Jack Palladin (Ben Gazzara). Having never met, the search is emotionally complicated as the long-time retired star was once married to Josh's late mother. Josh's contempt for the 'old' actor mirrors his comedic distaste for the local community whose help he desperately needs to find him. What he hopes will be a quick and lucrative deal turns into a humorous yet soul-searching journey for both.","genres":["Comedy"],"id":126,"imdb":{"id":882113,"rating":5.6,"votes":122},"languages":["English"],"lastupdated":"2015-06-08 00:51:01.250000000","metacritic":34,"num_mflix_comments":0,"plot":"A young Hollywood player is drawn into a remote place looking for a quick deal and instead finds a sanctuary, a community, and ultimately himself.","poster":"https://m.media-amazon.com/images/M/MV5BMjA0ODk2MDE0Ml5BMl5BanBnXkFtZTcwNTQ5MTkxNA@@._V1_SY1000_SX677_AL_.jpg","rated":"R","released":{"$date":"2009-10-30T00:00:00Z"},"runtime":115,"title":"Looking for Palladin","tomatoes":{"critic":{"meter":22,"numReviews":9,"rating":4.1},"dvd":{"$date":"2011-03-22T00:00:00Z"},"fresh":2,"lastUpdated":{"$date":"2015-08-19T19:05:13Z"},"production":"Monterey Media","rotten":7,"viewer":{"meter":38,"numReviews":49,"rating":2.6},"website":"http://www.palladinmovie.com/"},"type":"movie","writers":["Andrzej Krakowski"],"year":2008}]
