[{"_id":{"$oid":"573a13bbf29313caabd52bf0"},"awards":{"nominations":2,"text":"2 nominations.","wins":0},"cast":["Simona Banchi","Andrea Blarzino","Valentina D'Alessandro","Valeria Ferrari"],"countries":["Italy"],"directors":["Corrado Guzzanti","Igor Skofic"],"genres":["Comedy","Sci-Fi"],"id":154,"imdb":{"id":888496,"rating":6.7,"votes":636},"languages":["Italian"],"lastupdated":"2015-09-02 00:32:49.193000000","num_mflix_comments":0,"poster":"https://m.media-amazon.com/images/M/MV5BMTYzMjg2MTM1NF5BMl5BanBnXkFtZTcwNTk4MDg5MQ@@._V1_SY1000_SX677_AL_.jpg","released":{"$date":"2006-10-27T00:00:00Z"},"runtime":100,"title":"Fascisti su Marte","tomatoes":{"lastUpdated":{"$date":"2015-08-05T18:10:53Z"},"viewer":{"numReviews":0,"rating":0.0}},"type":"movie","writers":["Paola Cannatello","Corrado Guzzanti"],"year":2006}]
