[{"_id":{"$oid":"573a13bbf29313caabd52587"},"awards":{"nominations":3,"text":"3 nominations.","wins":0},"cast":["Marina Foès","Guillaume Canet","Ocèane Decaudain","Anne Benoèt"],"countries":["France"],"directors":["Christine Carrière"],"fullplot":"On a farm in the West of France, Catherine a plump little girl, dreams of escaping her joyless life. Her parents do not seem to know what a heart is and her father can get violent occasionally. Her only hope lies in those big trucks that drive zooming along the main road under her bedroom window. Some day, her prince charming at the wheel of one of those big machines, will dismount his modern steed and take her away, over the rainbow. So she runs and runs along the road, in red shorts,too tight as she turns into a young woman, trying to tempt one of those modern knights. One night, one of them does notice her. He is good-looking but Catherine soon realizes that he is also a drunk and a violent pervert. The dream turns into a scary nightmare...","genres":["Biography","Drama"],"id":121,"imdb":{"id":881233,"rating":6.6,"votes":342},"languages":["French"],"lastupdated":"2015-08-22 01:04:38.813000000","num_mflix_comments":1,"plot":"On a farm in the West of France, Catherine a plump little girl, dreams of escaping her joyless life. Her parents do not seem to know what a heart is and her father can get violent ...","poster":"https://m.media-amazon.com/images/M/MV5BODA4MDU5OTY5Nl5BMl5BanBnXkFtZTcwMjczMjgzMg@@._V1_SY1000_SX677_AL_.jpg","released":{"$date":"2007-11-07T00:00:00Z"},"runtime":93,"title":"Darling","tomatoes":{"dvd":{"$date":"2009-04-21T00:00:00Z"},"lastUpdated":{"$date":"2015-09-10T18:40:52Z"},"production":"Christal Films","viewer":{"meter":61,"numReviews":233,"rating":3.6},"website":"http://www.darling-lefilm.com/"},"type":"movie","writers":["Pascal Arnold","Christine Carrière","Jean Teulè (novel)"],"year":2007}]
