[{"_id":{"$oid":"573a13bbf29313caabd52cd9"},"awards":{"nominations":3,"text":"3 nominations.","wins":0},"cast":["Pitchanart Sakakorn","Apasiri Nitibhon","Penpak Sirikul","Chokchai Charoensuk"],"countries":["Thailand"],"directors":["Monthon Arayangkoon"],"fullplot":"Ting, an actress for murder illustration is hired to simulate a real-life murder case of Min, a former Miss Thailand who was brutally killed. Afterwards, Ting can feel a strange supernatural connection to Min. Soon, she decides to try and solve the mystery of Min's murder...","genres":["Horror","Mystery","Thriller"],"id":157,"imdb":{"id":889212,"rating":6.0,"votes":517},"languages":["Thai"],"lastupdated":"2015-08-24 01:16:46.213000000","num_mflix_comments":1,"plot":"Ting, an actress for murder illustration is hired to simulate a real-life murder case of Min, a former Miss Thailand who was brutally killed. Afterwards, Ting can feel a strange ...","poster":"https://m.media-amazon.com/images/M/MV5BOTA4Nzc0OTEzNV5BMl5BanBnXkFtZTgwNjA1MTA2MDE@._V1_SY1000_SX677_AL_.jpg","released":{"$date":"2006-10-12T00:00:00Z"},"runtime":108,"title":"The Victim","tomatoes":{"dvd":{"$date":"2007-09-18T00:00:00Z"},"lastUpdated":{"$date":"2015-08-07T19:09:38Z"},"viewer":{"meter":47,"numReviews":265,"rating":3.2}},"type":"movie","writers":["Monthon Arayangkoon","Shih-keng Chien","Sompope Vejchapipat"],"year":2006}]
