[{"_id":{"$oid":"573a13baf29313caabd51dda"},"awards":{"nominations":1,"text":"1 nomination.","wins":0},"cast":["Max Thieriot","John Magaro","Denzel Whitaker","Zena Grey"],"countries":["USA"],"directors":["Wes Craven"],"fullplot":"In the sleepy town of Riverton, legend tells of a serial killer who swore he would return to murder the seven children born the night he died. Now, 16 years later, people are disappearing again. Has the psychopath been reincarnated as one of the seven teens, or did he survive the night he was left for dead? Only one of the kids knows the answer. Adam \"Bug\" Heller (Max Thieriot) was supposed to die on the last night the Riverton Ripper wrecked havoc on that terrifying night. Unaware of terrifying crimes being committed to the seven children, he has been plagued by nightmares of their murders while not aware if they hold true or if he is simply imagining the images that haunt him. But if Bug hopes to save his friends from the monster that's returned, he must face an evil that won't rest...until it finishes the job it began the day he was born.","genres":["Horror","Mystery","Thriller"],"id":91,"imdb":{"id":872230,"rating":4.8,"votes":15266},"languages":["English"],"lastupdated":"2015-08-27 00:32:02.430000000","metacritic":25,"num_mflix_comments":0,"plot":"A serial killer returns to his hometown to stalk seven children who share the same birthday as the date he was allegedly put to rest.","poster":"https://m.media-amazon.com/images/M/MV5BMTk4NjE1OTg1MV5BMl5BanBnXkFtZTcwNTgwOTU3Mw@@._V1_SY1000_SX677_AL_.jpg","rated":"R","released":{"$date":"2010-10-08T00:00:00Z"},"runtime":107,"title":"My Soul to Take","tomatoes":{"boxOffice":"$14.6M","consensus":"Dull, joyless, and formulaic, My Soul to Take suggests writer/director Wes Craven ended his five-year filmmaking hiatus too soon.","critic":{"meter":9,"numReviews":58,"rating":2.9},"dvd":{"$date":"2011-02-08T00:00:00Z"},"fresh":5,"lastUpdated":{"$date":"2015-08-30T19:28:46Z"},"production":"Universal Pictures","rotten":53,"viewer":{"meter":27,"numReviews":33253,"rating":2.5},"website":"http://www.iamrogue.com/mysoultotake"},"type":"movie","writers":["Wes Craven"],"year":2010}]
