[{"_id":{"$oid":"573a13baf29313caabd5094e"},"awards":{"nominations":0,"text":"1 win.","wins":1},"cast":["Frank Rautenbach","Jeanne Neilson","Hamilton Dlamini","Candice D'Arcy"],"countries":["South Africa"],"directors":["Regardt van den Bergh"],"fullplot":"Frank Rautenbach leads a strong cast as Angus Buchan, a Zambian farmer of Scottish heritage, who leaves his farm in the midst of political unrest and racially charged land reclaims and travels south with his family to start a better life in KwaZulu Natal, South Africa. With nothing more than a caravan on a patch of land, and help from his foreman, Simeon Bhengu, the Buchan family struggle to settle in a new country. Faced with ever mounting challenges, hardships and personal turmoil, Angus quickly spirals down into a life consumed by anger, fear and destruction. Based on the inspiring true story by Angus Buchan the book was adapted for the big screen by Regardt van den Bergh and weaves together the moving life journey of a man who, like his potatoes, grows his faith, unseen until the harvest.","genres":["Drama"],"id":13,"imdb":{"id":850667,"rating":7.0,"votes":1778},"languages":["Zulu","English"],"lastupdated":"2015-08-24 00:42:51.540000000","num_mflix_comments":0,"plot":"Frank Rautenbach leads a strong cast as Angus Buchan, a Zambian farmer of Scottish heritage, who leaves his farm in the midst of political unrest and racially charged land reclaims and ...","poster":"https://m.media-amazon.com/images/M/MV5BMjE3NjAyNzkxN15BMl5BanBnXkFtZTcwMzU0MzY0Mg@@._V1_SY1000_SX677_AL_.jpg","rated":"PG","released":{"$date":"2006-10-27T00:00:00Z"},"runtime":116,"title":"Faith Like Potatoes","tomatoes":{"dvd":{"$date":"2009-04-07T00:00:00Z"},"lastUpdated":{"$date":"2015-09-10T17:49:38Z"},"production":"SPE Aquisitions","viewer":{"meter":75,"numReviews":1389,"rating":3.9},"website":"http://www.globalcreative.co.za/FLP_index.htm"},"type":"movie","writers":["Angus Buchan (book)","Regardt van den Bergh (screenplay)"],"year":2006}]
