[{"_id":{"$oid":"573a13baf29313caabd5143b"},"awards":{"nominations":2,"text":"2 nominations.","wins":0},"cast":["Tadanobu Asano","Yayaying Rhatha Phongam","Nick Tate","Vithaya Pansringarm"],"countries":["Japan"],"directors":["Ryèhei Kitamura"],"fullplot":"Interpol Inspector Zenigata begins a world-wide hunt for the infamous thief Arsene Lupin III.","genres":["Action","Adventure","Comedy"],"id":53,"imdb":{"id":862748,"rating":5.6,"votes":627},"languages":["Japanese"],"lastupdated":"2015-09-01 00:39:29.007000000","num_mflix_comments":0,"plot":"Interpol Inspector Zenigata begins a world-wide hunt for the infamous thief Arsene Lupin III.","poster":"https://m.media-amazon.com/images/M/MV5BNDkyNzAyNjUwNV5BMl5BanBnXkFtZTgwOTcwMzk4MjE@._V1_SY1000_SX677_AL_.jpg","runtime":133,"title":"Lupin III","tomatoes":{"lastUpdated":{"$date":"2015-09-16T18:30:13Z"},"viewer":{"numReviews":39,"rating":3.1}},"type":"movie","writers":["Monkey Punch (manga)","Mataichirè Yamamoto (screenplay)","Mataichirè Yamamoto (story)","Ryèhei Kitamura (story)","Joey O'Bryan (story)"],"year":2014}]
