[{"_id":{"$oid":"573a13bbf29313caabd52f6a"},"awards":{"nominations":10,"text":"2 wins & 10 nominations.","wins":2},"cast":["Mili Avital","BaoQi Chen","Alon Aboutboul","Sinaya Ben-Dor"],"countries":["Israel"],"directors":["Ayelet Menahemi"],"fullplot":"At thirty-seven, Miri is a twice-widowed, El Al flight attendant. Her well-regulated existence is suddenly turned upside down by an abandoned Chinese boy whose migrant-worker mother has been summarily deported from Israel. The film is a touching comic-drama in which two human beings -- as different from each other as Tel Aviv is from Beijing -- accompany each other on a remarkable journey, one that takes them both back to a meaningful life.","genres":["Drama"],"id":172,"imdb":{"id":892332,"rating":7.3,"votes":710},"languages":["Hebrew","Mandarin"],"lastupdated":"2015-07-27 00:13:05.420000000","num_mflix_comments":1,"plot":"At thirty-seven, Miri is a twice-widowed, El Al flight attendant. Her well-regulated existence is suddenly turned upside down by an abandoned Chinese boy whose migrant-worker mother has ...","released":{"$date":"2007-07-26T00:00:00Z"},"runtime":90,"title":"Noodle","tomatoes":{"critic":{"meter":100,"numReviews":5,"rating":7.3},"fresh":5,"lastUpdated":{"$date":"2015-08-18T19:06:57Z"},"rotten":0,"viewer":{"meter":90,"numReviews":600,"rating":4.2},"website":"http://www.noodle-film.com"},"type":"movie","writers":["Shemi Zarhin","Ayelet Menahemi"],"year":2007}]
