[{"_id":{"$oid":"573a13baf29313caabd51ebd"},"awards":{"nominations":1,"text":"4 wins & 1 nomination.","wins":4},"cast":["Christopher Kirby","Bob Beamon","Ralph Boston","Raelene Boyle"],"countries":["Australia","USA"],"directors":["Matt Norman"],"fullplot":"The black power salute at the 1968 Mexico Olympics was an iconic moment in the US civil rights movement. What part did the white Australian who ran second play and what price did these athletes pay for standing up for their beliefs?","genres":["Documentary","Sport"],"id":94,"imdb":{"id":874317,"rating":7.5,"votes":213},"languages":["English"],"lastupdated":"2015-08-21 00:59:17.627000000","num_mflix_comments":0,"plot":"The black power salute at the 1968 Mexico Olympics was an iconic moment in the US civil rights movement. What part did the white Australian who ran second play and what price did these athletes pay for standing up for their beliefs?","poster":"https://m.media-amazon.com/images/M/MV5BMTUxNTI4MzM3NF5BMl5BanBnXkFtZTcwNjcwODc3MQ@@._V1_SY1000_SX677_AL_.jpg","released":{"$date":"2008-07-17T00:00:00Z"},"runtime":120,"title":"Salute","tomatoes":{"critic":{"meter":100,"numReviews":12,"rating":7.2},"fresh":12,"lastUpdated":{"$date":"2015-08-23T18:45:30Z"},"production":"Arrow Films","rotten":0,"viewer":{"meter":64,"numReviews":3993,"rating":3.6},"website":"http://www.salutethemovie.com"},"type":"movie","writers":["Matt Norman"],"year":2008}]
