[{"_id":{"$oid":"573a13bbf29313caabd52b17"},"awards":{"nominations":17,"text":"Nominated for 2 Golden Globes. Another 6 wins & 17 nominations.","wins":8},"cast":["George Clooney","Frances McDormand","Brad Pitt","John Malkovich"],"countries":["USA","UK","France"],"directors":["Ethan Coen","Joel Coen"],"fullplot":"Osbourne Cox, a Balkan expert, is fired at the CIA, so he begins a memoir. His wife wants a divorce and expects her lover, Harry, a philandering State Department marshal, to leave his wife. A diskette falls out of a gym bag at a Georgetown fitness center. Two employees there try to turn it into cash: Linda, who wants money for elective surgery, and Chad, an amiable goof. Information on the disc leads them to Osbourne who rejects their sales pitch; then they visit the Russian embassy. To sweeten the pot, they decide they need more of Osbourne's secrets. Meanwhile, Linda's boss likes her, and Harry's wife leaves for a book tour. All roads lead to Osbourne's house.","genres":["Comedy","Crime","Drama"],"id":152,"imdb":{"id":887883,"rating":7.0,"votes":229866},"languages":["English"],"lastupdated":"2015-09-05 00:26:48.190000000","metacritic":63,"num_mflix_comments":0,"plot":"A disk containing the memoirs of a CIA agent ends up in the hands of two unscrupulous gym employees who attempt to sell it.","poster":"https://m.media-amazon.com/images/M/MV5BYzYwMjZhOGEtMGZlZS00Mjg1LTlkMDktYzJiZDU4MzAxZDRiXkEyXkFqcGdeQXVyMTMxODk2OTU@._V1_SY1000_SX677_AL_.jpg","rated":"R","released":{"$date":"2008-09-12T00:00:00Z"},"runtime":96,"title":"Burn After Reading","tomatoes":{"boxOffice":"$60.3M","consensus":"With Burn After Reading, the Coen Brothers have crafted another clever comedy/thriller with an outlandish plot and memorable characters.","critic":{"meter":78,"numReviews":227,"rating":6.9},"dvd":{"$date":"2008-12-21T00:00:00Z"},"fresh":178,"lastUpdated":{"$date":"2015-09-12T17:05:29Z"},"production":"Focus Features","rotten":49,"viewer":{"meter":64,"numReviews":185607,"rating":3.3},"website":"http://www.burnafterreading.com--live.com/"},"type":"movie","writers":["Joel Coen","Ethan Coen"],"year":2008}]
