[{"_id":{"$oid":"573a13bbf29313caabd526cc"},"awards":{"nominations":0,"text":"1 win.","wins":1},"cast":["Heather Cameron-McLintock","Emma Cleasby","Richard Dillane","Luciano Dodero"],"countries":["UK"],"directors":["Susan Jacobson"],"fullplot":"Kate is an ambitious photojournalist. Caught in a shoot-out in an Eastern European war zone, Kate spots a young girl running through the chaos. Intrigued, she follows the Girl, photographing as she goes. The Girl accidentally encounters a Gunman who interrogates her, pressing his AK-47 to her head. Kate photographs the terrified Girl and is horrified when the Girl makes eye contact with her, pleading to Kate for help. But Kate is too engrossed in her photography. She takes picture after picture as the girl is shot in front of her. Kate's work is nominated for the New Photographer of the Year Award. At the ceremony, when her photograph wins the top prize, Kate finds herself haunted by the memories of the Girl. Seeing the image projected onto a screen, Kate runs out without collecting her award, leaving the audience staring at the brutal photograph of the dead Girl.","genres":["Short","Drama","War"],"id":128,"imdb":{"id":882795,"rating":7.5,"votes":336},"languages":["English"],"lastupdated":"2015-06-26 00:05:49.773000000","num_mflix_comments":1,"plot":"Kate is a talented photojournalist. She risks her life to deliver powerful images to the waiting world until a photograph of a Girl changes her life forever.","poster":"https://m.media-amazon.com/images/M/MV5BMTg1OTgyNzAxMF5BMl5BanBnXkFtZTgwMjU0NzkwMzE@._V1_SY1000_SX677_AL_.jpg","released":{"$date":"2007-08-25T00:00:00Z"},"runtime":6,"title":"One Hundredth of a Second","tomatoes":{"lastUpdated":{"$date":"2015-07-16T18:06:14Z"},"viewer":{"meter":67,"numReviews":55,"rating":3.5}},"type":"movie","writers":["Alex Boden (story)","Susan Jacobson (story)","Susan Jacobson"],"year":2006}]
