[{"_id":{"$oid":"573a13baf29313caabd50d7d"},"awards":{"nominations":1,"text":"2 wins & 1 nomination.","wins":2},"cast":["Anita Kravos","Karolina Porcari","Paolo Pierobon","Loris Carraro"],"countries":["Italy"],"directors":["Marina Spada"],"fullplot":"Claudia, a single bored Milan travel agent in her thirties, takes evening classes in Russian and tries to get to know her teacher Boris from Kiev. Boris says that he is reluctant to get involved with his student, but asks Claudia to put up his beautiful Ukrainian cousin Olga for a few days while he is away on business. The women get along quite well, but Claudia is distressed when Olga disappears without taking her suitcase, money or passport.","genres":["Drama"],"id":27,"imdb":{"id":855761,"rating":6.1,"votes":99},"languages":["Italian"],"lastupdated":"2015-08-07 01:13:16.960000000","num_mflix_comments":1,"plot":"Claudia, a single bored Milan travel agent in her thirties, takes evening classes in Russian and tries to get to know her teacher Boris from Kiev. Boris says that he is reluctant to get ...","released":{"$date":"2007-06-22T00:00:00Z"},"runtime":87,"title":"As the Shadow","tomatoes":{"lastUpdated":{"$date":"2015-07-14T18:36:32Z"},"viewer":{"numReviews":164,"rating":3.5}},"type":"movie","writers":["Daniele Maggioni"],"year":2006}]
