[{"_id":{"$oid":"573a13bbf29313caabd52fa5"},"awards":{"nominations":1,"text":"5 wins & 1 nomination.","wins":5},"countries":["Germany","Lithuania"],"directors":["Arunas Matelis"],"fullplot":"Arunas Matelis' film is a gracefully expressive documentary following the lives of children living with leukemia at a pediatric hospital in Vilnius, Lithuania. The children enter into an alien world, bereft of color and warmth, but populated with kind strangers. Inured to the routine of daily medication and meals that alternate between porridge and cabbage soup, the children dream of life beyond the clinic's thick cement walls while their parents bear the burden of uncertainty about their children's fate. The filmmaker spent eight months at this very hospital after his own daughter's successful fight against leukemia.","genres":["Documentary"],"id":174,"imdb":{"id":892425,"rating":8.7,"votes":1025},"languages":["Russian","Lithuanian"],"lastupdated":"2015-07-26 00:54:36.163000000","num_mflix_comments":0,"plot":"A short documentary about a hospital ward for children with leukemia in Lithuania.","poster":"https://m.media-amazon.com/images/M/MV5BMjU4NTU1MDkyOV5BMl5BanBnXkFtZTcwNzE0MzU1MQ@@._V1_SY1000_SX677_AL_.jpg","released":{"$date":"2006-06-16T00:00:00Z"},"runtime":52,"title":"Before Flying Back to Earth","tomatoes":{"lastUpdated":{"$date":"2015-05-25T19:08:53Z"},"viewer":{"meter":88,"numReviews":354,"rating":4.1}},"type":"movie","year":2005}]
