[{"_id":{"$oid":"573a13bbf29313caabd529f1"},"awards":{"nominations":0,"text":"2 wins.","wins":2},"cast":["Zachary Levi","Fran Kranz","Sarah Shahi","Bonnie Somerville"],"countries":["USA"],"directors":["Jaffar Mahmood"],"fullplot":"American-born Ray Rehman comes home one night to find his Pakistani father on his doorstep. Ray's Caucasian mother threw him out. It's an awkward time for his father to move in as Ray just proposed to his Caucasian girlfriend - who hasn't given him an answer. While trying to get his parents back together, Ray meets a South Asian girl of mixed descent, just like him, and must decide where his identity truly lies.","genres":["Comedy","Drama","Romance"],"id":148,"imdb":{"id":886531,"rating":7.3,"votes":1093},"languages":["English"],"lastupdated":"2015-08-22 00:02:04.173000000","num_mflix_comments":0,"plot":"Ray's half Pakistani and half white. When his parent's marriage dissolves, Ray's perspective of Ms. Right falls deeply into question.","poster":"https://m.media-amazon.com/images/M/MV5BMTY0NTE4MDUxOF5BMl5BanBnXkFtZTcwNTE4MTA1Mg@@._V1_SY1000_SX677_AL_.jpg","released":{"$date":"2008-10-18T00:00:00Z"},"runtime":86,"title":"Shades of Ray","tomatoes":{"dvd":{"$date":"2009-04-07T00:00:00Z"},"lastUpdated":{"$date":"2015-09-15T19:05:31Z"},"production":"FilmBuff","viewer":{"meter":77,"numReviews":539,"rating":3.7},"website":"http://www.shadesofray.com/"},"type":"movie","writers":["Jaffar Mahmood"],"year":2008}]
