[{"_id":{"$oid":"573a13bbf29313caabd5271d"},"awards":{"nominations":5,"text":"5 wins & 5 nominations.","wins":5},"cast":["Michael Shanks","Kathleen Robertson","Martin Cummins","Dylan Playfair"],"countries":["USA"],"directors":["Andy Mikita"],"fullplot":"The story of the 1973 hockey season when aging legend Gordie Howe returned to the ice at the age of 44.","genres":["Biography","Drama","Sport"],"id":135,"imdb":{"id":883391,"rating":6.9,"votes":529},"languages":["English"],"lastupdated":"2015-09-04 00:02:34.833000000","num_mflix_comments":0,"plot":"The story of the 1973 hockey season when aging legend Gordie Howe returned to the ice at the age of 44.","poster":"https://m.media-amazon.com/images/M/MV5BMTY1NzkwNDc5MV5BMl5BanBnXkFtZTgwMTg0MTA2MDE@._V1_SY1000_SX677_AL_.jpg","rated":"PG","released":{"$date":"2013-05-04T00:00:00Z"},"title":"Mr Hockey: The Gordie Howe Story","tomatoes":{"dvd":{"$date":"2009-03-10T00:00:00Z"},"lastUpdated":{"$date":"2015-08-18T18:05:42Z"},"production":"Barhotltz Entertainment","viewer":{"meter":23,"numReviews":289,"rating":2.2},"website":"http://www.darkreel.com/"},"type":"movie","writers":["Malcolm MacRury"],"year":2013}]
