[{"_id":{"$oid":"573a13baf29313caabd51b02"},"awards":{"nominations":6,"text":"3 wins & 6 nominations.","wins":3},"cast":["Pauline Acquart","Louise Blachère","Adèle Haenel","Warren Jacquin"],"countries":["France"],"directors":["Cèline Sciamma"],"fullplot":"Three girls, each about 15, deal with puberty, the onset of sexual attraction, and, for two, the pressure of virginity. Marie, who's slight and diffident, quiet and nearly expressionless, is friends with Anne, who's a bit chunky and impulsive and has decided that Franèois will be her first love. Watching synchronized swimming, Marie is suddenly attracted to the team captain, Floriane, beautiful, aloof, tall, and rumored to be a slut. Franèois pursues her. Marie begins to hang around her; they trade favors, and soon it's an odd sort of friendship. Each of the three experiences her own first, and Marie must sort out attraction and friendship.","genres":["Drama"],"id":75,"imdb":{"id":869977,"rating":6.7,"votes":6588},"languages":["French"],"lastupdated":"2015-09-07 00:07:58.927000000","metacritic":65,"num_mflix_comments":0,"plot":"Summer in a new suburb outside Paris. Nothing to do but look at the ceiling. Marie, Anne and Floriane are 15. Their paths cross in the corridors at the local swimming pool, where love and desire make a sudden, dramatic appearance.","poster":"https://m.media-amazon.com/images/M/MV5BNTBkOGE1ZTctYjRmZS00MmNiLWJiODItODNlMWVhMmMzZDJlXkEyXkFqcGdeQXVyODU2MDg1NzU@._V1_SY1000_SX677_AL_.jpg","released":{"$date":"2007-08-15T00:00:00Z"},"runtime":85,"title":"Water Lilies","tomatoes":{"consensus":"Water Lilies is a sharply-observed, provocative coming-of-age story that captures the anxieties of the early teen years.","critic":{"meter":77,"numReviews":43,"rating":6.5},"dvd":{"$date":"2008-09-02T00:00:00Z"},"fresh":33,"lastUpdated":{"$date":"2015-09-15T17:31:29Z"},"production":"Koch Lorber Films","rotten":10,"viewer":{"meter":67,"numReviews":3057,"rating":3.5},"website":"http://www.myspace.com/pieuvres"},"type":"movie","writers":["Cèline Sciamma"],"year":2007}]
