[{"_id":{"$oid":"573a13bbf29313caabd526e3"},"awards":{"nominations":0,"text":"1 win.","wins":1},"cast":["Takayuki Yamada","Erika Sawajiri","Tetsuji Tamayama","Kazue Fukiishi"],"countries":["Japan"],"directors":["Jirè Shèno"],"genres":["Drama"],"id":130,"imdb":{"id":882809,"rating":6.9,"votes":261},"languages":["Japanese"],"lastupdated":"2015-08-05 01:00:52.880000000","num_mflix_comments":0,"released":{"$date":"2007-04-26T00:00:00Z"},"runtime":121,"title":"The Letters","tomatoes":{"lastUpdated":{"$date":"2015-08-01T18:50:32Z"},"viewer":{"meter":74,"numReviews":232,"rating":3.8}},"type":"movie","writers":["Keigo Higashino (novel)","Teruo Abe (screenplay)","Yukako Shimizu (screenplay)"],"year":2006}]
