[{"_id":{"$oid":"573a13baf29313caabd50fe5"},"awards":{"nominations":2,"text":"2 nominations.","wins":0},"cast":["Ray Winstone","Ben Drew","Hayley Atwell","Steven Mackintosh"],"countries":["UK"],"directors":["Nick Love"],"fullplot":"Jack Regan is a slobbish, old style cop whose unsubtle methods usually get results, to the annoyance of internal affairs officer Lewis, who would be even more annoyed if he knew that Regan was having an affair with his young wife, policewoman Nancy. After Regan disobeys orders and a shoot-out in central London following a bank hold-up ends in carnage, he is stripped of office and briefly imprisoned. However, thanks to the loyalty of his young protege George Carter and a little string pulling from his superior Frank Haskins, Regan is released to bring down the villains in a gun battle at Gravesend marina, ensuring the continued existence of his department - the Sweeney.","genres":["Action","Crime","Drama"],"id":37,"imdb":{"id":857190,"rating":6.1,"votes":15568},"languages":["English","Serbian"],"lastupdated":"2015-08-27 00:30:24.337000000","metacritic":48,"num_mflix_comments":0,"plot":"A hardened detective in the Flying Squad of London's Metropolitan police. Based on the '70s UK TV show.","poster":"https://m.media-amazon.com/images/M/MV5BMTQwNDAzODYwMF5BMl5BanBnXkFtZTcwMTIxMDk5OA@@._V1_SY1000_SX677_AL_.jpg","rated":"R","released":{"$date":"2013-03-01T00:00:00Z"},"runtime":112,"title":"The Sweeney","tomatoes":{"boxOffice":"$26.3k","consensus":"Ray Winstone exudes tough-guy bravado, but this cop thriller otherwise feels thoroughly generic.","critic":{"meter":47,"numReviews":60,"rating":5.0},"dvd":{"$date":"2013-04-02T00:00:00Z"},"fresh":28,"lastUpdated":{"$date":"2015-08-18T19:14:32Z"},"production":"Entertianment One Films","rotten":32,"viewer":{"meter":44,"numReviews":6377,"rating":3.1},"website":"http://www.thesweeney-movie.com"},"type":"movie","writers":["Nick Love","John Hodge","Ian Kennedy Martin (source material)"],"year":2012}]
