[{"_id":{"$oid":"573a13baf29313caabd51aac"},"awards":{"nominations":3,"text":"3 nominations.","wins":0},"cast":["Jaime King","Terry Chen","Pei-Pei Cheng","Henry O"],"countries":["Canada"],"directors":["Ernie Barbarash"],"fullplot":"A couple returns to North America for a family funeral, having lived in Shanghai, China for the previous six years. Soon after they arrive, their son Jamie begins to see ghosts and suffer possession by one of the living dead, and it all ties in with the Chinese festival of Ghost Month, when the doors of hell supposedly open and angry spirits are given the chance to terrorize the living.","genres":["Horror","Mystery","Thriller"],"id":74,"imdb":{"id":869152,"rating":5.3,"votes":2617},"languages":["English"],"lastupdated":"2015-09-16 00:44:02.757000000","num_mflix_comments":0,"plot":"A young mother and her six-year-old son come face to face with the mysteries of two murders and a great crime against the Chinese community into which they have recently arrived from Shanghai.","poster":"https://m.media-amazon.com/images/M/MV5BMjM2OTYwMzQ5OV5BMl5BanBnXkFtZTgwOTE3NzkwMzE@._V1_SY1000_SX677_AL_.jpg","rated":"R","released":{"$date":"2009-04-01T00:00:00Z"},"runtime":99,"title":"They Wait","tomatoes":{"critic":{"meter":40,"numReviews":5,"rating":5.8},"dvd":{"$date":"2008-09-16T00:00:00Z"},"fresh":2,"lastUpdated":{"$date":"2015-08-13T19:02:25Z"},"rotten":3,"viewer":{"meter":39,"numReviews":1441,"rating":3.1}},"type":"movie","writers":["Trevor Markwart (story)","Trevor Markwart (screenplay)","Carl Bessai (screenplay)","Doug Taylor (screenplay)"],"year":2007}]
