[{"_id":{"$oid":"573a13baf29313caabd51b13"},"awards":{"nominations":3,"text":"3 nominations.","wins":0},"cast":["Fabrice Luchini","Romain Duris","Joffrey Platel","Mèlanie Laurent"],"countries":["France"],"directors":["Cèdric Klapisch"],"fullplot":"Pierre, a professional dancer, suffers from a serious heart disease. While he is waiting for a transplant which may (or may not) save his life, he has nothing better to do than look at the people around him, from the balcony of his Paris apartment. When Elise, his sister with three kids and no husband, moves in to his place to care for him, Pierre does not change his new habits. And instead of dancing himself, it is Paris and the Parisians who dance before his eyes.","genres":["Comedy","Drama","Romance"],"id":76,"imdb":{"id":869994,"rating":6.9,"votes":9540},"languages":["French"],"lastupdated":"2015-09-05 00:52:49.853000000","metacritic":68,"num_mflix_comments":0,"plot":"Pierre, a professional dancer, suffers from a serious heart disease. While he is waiting for a transplant which may (or may not) save his life, he has nothing better to do than look at the ...","poster":"https://m.media-amazon.com/images/M/MV5BMTMxNjMxNjMwOF5BMl5BanBnXkFtZTcwMjA1OTIxMw@@._V1_SY1000_SX677_AL_.jpg","rated":"R","released":{"$date":"2008-02-20T00:00:00Z"},"runtime":130,"title":"Paris","tomatoes":{"boxOffice":"$1.0M","consensus":"Alternately a sharp ensemble dramedy and a love letter to the titular city, Paris is uneven but often striking.","critic":{"meter":67,"numReviews":66,"rating":6.4},"dvd":{"$date":"2010-03-10T00:00:00Z"},"fresh":44,"lastUpdated":{"$date":"2015-08-19T18:24:39Z"},"production":"IFC","rotten":22,"viewer":{"meter":66,"numReviews":20645,"rating":3.5},"website":"http://www.lefilm-paris.com"},"type":"movie","writers":["Cèdric Klapisch"],"year":2008}]
