[{"_id":{"$oid":"573a13baf29313caabd51937"},"awards":{"nominations":0,"text":"2 wins.","wins":2},"cast":["Jessica Chastain","Frances Fisher","Rupert Friend","Dermot Mulroney"],"countries":["USA"],"directors":["Dan Ireland"],"fullplot":"A teenage orphan spends ten years traveling cross-country experiencing life, love and heartbreak. Based on E.L. Doctorow's story, \"Jolene: A Life.\"","genres":["Drama"],"id":72,"imdb":{"id":867334,"rating":6.5,"votes":2648},"languages":["English"],"lastupdated":"2015-08-17 00:09:44.140000000","metacritic":31,"num_mflix_comments":0,"plot":"A teenage orphan spends ten years traveling cross-country experiencing life, love and heartbreak. Based on E.L. Doctorow's story, \"Jolene: A Life.\"","poster":"https://m.media-amazon.com/images/M/MV5BMjEyMzI1MTA3Ml5BMl5BanBnXkFtZTcwNTgyOTAxNA@@._V1_SY1000_SX677_AL_.jpg","rated":"R","released":{"$date":"2008-06-13T00:00:00Z"},"runtime":121,"title":"Jolene","tomatoes":{"critic":{"meter":50,"numReviews":20,"rating":4.9},"dvd":{"$date":"2011-04-26T00:00:00Z"},"fresh":10,"lastUpdated":{"$date":"2015-09-02T18:53:20Z"},"production":"E1 Entertainment","rotten":10,"viewer":{"meter":43,"numReviews":2984,"rating":3.1},"website":"http://www.jolenemovie.com/"},"type":"movie","writers":["Dennis Yares (screenplay)","E.L. Doctorow (story)","Michael Gilio (additional writing)"],"year":2008}]
