[{"_id":{"$oid":"573a13baf29313caabd5226b"},"awards":{"nominations":2,"text":"2 wins & 2 nominations.","wins":2},"cast":["Sylvie Testud","Pascal Greggory","Guillaume Verdier","Franèois Nègret"],"countries":["France"],"directors":["Serge Bozon"],"fullplot":"In France in the darkest days of the Great War Camille receives an alarming letter from her soldier boyfriend. Disguising herself as a man she sets off to try and find him. As she lives near the Western Fromt she hooks up with a passing group of French soldiers without too much trouble. But there's something a bit odd about these stragglers, and it's not just their habit of bursting into song at every opportunity.","genres":["Drama","Musical","Romance"],"id":109,"imdb":{"id":877621,"rating":6.4,"votes":423},"languages":["French"],"lastupdated":"2015-08-29 00:27:01.733000000","num_mflix_comments":0,"plot":"In France in the darkest days of the Great War Camille receives an alarming letter from her soldier boyfriend. Disguising herself as a man she sets off to try and find him. As she lives ...","poster":"https://m.media-amazon.com/images/M/MV5BMjM3OTc4MjM5Nl5BMl5BanBnXkFtZTgwNjU0MTA2MDE@._V1_SY1000_SX677_AL_.jpg","released":{"$date":"2008-07-11T00:00:00Z"},"runtime":102,"title":"La France","tomatoes":{"critic":{"meter":92,"numReviews":13,"rating":7.3},"dvd":{"$date":"2010-04-06T00:00:00Z"},"fresh":12,"lastUpdated":{"$date":"2015-08-03T20:01:11Z"},"production":"Shellac Distribution","rotten":1,"viewer":{"meter":48,"numReviews":321,"rating":3.1},"website":"http://www.lafrance-lefilm.com/home.html"},"type":"movie","writers":["Serge Bozon","Axelle Ropert"],"year":2007}]
