[{"_id":{"$oid":"573a13bbf29313caabd526ed"},"awards":{"nominations":1,"text":"1 nomination.","wins":0},"cast":["David Carradine","Rip Torn","Bruce Dern","Mariel Hemingway"],"countries":["USA"],"directors":["Daniel Adams"],"fullplot":"A romantic comedy, set on Cape Cod in 1905, about three 70-year-old retired sea captains who try to lure an attractive middle-aged woman into marriage.","genres":["Comedy","Romance"],"id":133,"imdb":{"id":882969,"rating":6.0,"votes":439},"languages":["English"],"lastupdated":"2015-08-21 00:56:43.593000000","num_mflix_comments":0,"plot":"A romantic comedy, set on Cape Cod in 1905, about three 70-year-old retired sea captains who try to lure an attractive middle-aged woman into marriage.","poster":"https://m.media-amazon.com/images/M/MV5BMjA0MjcwMzk1NF5BMl5BanBnXkFtZTcwMzk0Njg0Mg@@._V1_SY1000_SX677_AL_.jpg","rated":"PG","released":{"$date":"2008-11-16T00:00:00Z"},"runtime":97,"title":"The Golden Boys","tomatoes":{"critic":{"meter":28,"numReviews":18,"rating":4.5},"dvd":{"$date":"2009-08-18T00:00:00Z"},"fresh":5,"lastUpdated":{"$date":"2015-08-26T18:31:13Z"},"production":"Roadside Attractions","rotten":13,"viewer":{"meter":20,"numReviews":799,"rating":2.8}},"type":"movie","writers":["Daniel Adams","Joseph C. Lincoln (novel)"],"year":2008}]
