[{"_id":{"$oid":"573a13baf29313caabd50e98"},"awards":{"nominations":0,"text":"1 win.","wins":1},"cast":["Ha-kyun Shin","Ji-hye Yun","Min-jun Kim","Su-hee Go"],"countries":["South Korea"],"directors":["Cheol-hie Park"],"fullplot":"A mute hit-man vows to kill only the rude, and save up enough money for tongue surgery.","genres":["Action","Comedy","Crime"],"id":33,"imdb":{"id":856052,"rating":7.3,"votes":1339},"languages":["Korean"],"lastupdated":"2015-08-23 01:18:07.757000000","num_mflix_comments":0,"plot":"A mute hit-man vows to kill only the rude, and save up enough money for tongue surgery.","released":{"$date":"2006-08-24T00:00:00Z"},"runtime":113,"title":"No Mercy for the Rude","tomatoes":{"lastUpdated":{"$date":"2015-07-27T18:46:26Z"},"viewer":{"meter":77,"numReviews":951,"rating":3.7}},"type":"movie","writers":["Cheol-hie Park"],"year":2006}]
