[{"_id":{"$oid":"573a13baf29313caabd51038"},"awards":{"nominations":5,"text":"1 win & 5 nominations.","wins":1},"cast":["Michael Caine","Jude Law","Harold Pinter"],"countries":["USA","UK"],"directors":["Kenneth Branagh"],"fullplot":"Two extremely clever British men are in a game of trickery and deceit. Andrew Wyke, an aging famous author who lives alone in a high-tech mansion, after his wife Maggie has left him for a younger man; and Milo Tindle, an aspiring actor, equipped with charm and wit, who demonstrates both qualities once again. When Wyke invites Tindle to his mansion, Tindle seeks to convince the former into letting his wife go by signing the divorce paper. However, Wyke seems far more interested in playing mind games with his wife's new lover, and lures him into a series of actions he thoroughly planned in seeking revenge on his unfaithful spouse.","genres":["Drama","Mystery","Thriller"],"id":40,"imdb":{"id":857265,"rating":6.5,"votes":24496},"languages":["English"],"lastupdated":"2015-09-15 04:00:21.043000000","metacritic":49,"num_mflix_comments":1,"plot":"On his sprawling country estate, an aging writer matches wits with the struggling actor who has stolen his wife's heart.","poster":"https://m.media-amazon.com/images/M/MV5BYTgyZmQxMmQtMWE0ZC00ZmMyLWI2MzQtYmVjYTE3MGJkZjE2XkEyXkFqcGdeQXVyNDkzNTM2ODg@._V1_SY1000_SX677_AL_.jpg","rated":"R","released":{"$date":"2007-11-23T00:00:00Z"},"runtime":86,"title":"Sleuth","tomatoes":{"boxOffice":"$0.2M","consensus":"Sleuth is so obvious and coarse, rather than suspenseful and action-packed, that it does nothing to improve on the original version","critic":{"meter":36,"numReviews":119,"rating":5.1},"dvd":{"$date":"2008-03-11T00:00:00Z"},"fresh":43,"lastUpdated":{"$date":"2015-08-31T18:24:22Z"},"production":"Sony Pictures Classics","rotten":76,"viewer":{"meter":52,"numReviews":20849,"rating":3.2},"website":"http://www.sonyclassics.com/sleuth"},"type":"movie","writers":["Harold Pinter (screenplay)","Anthony Shaffer (play)"],"year":2007}]
