[{"_id":{"$oid":"573a13bbf29313caabd5285b"},"awards":{"nominations":5,"text":"1 win & 5 nominations.","wins":1},"cast":["Dan Aykroyd","James Belushi","Kelsey Grammer","Lea Michele"],"countries":["USA","India"],"directors":["Will Finn","Daniel St. Pierre"],"fullplot":"Dorothy wakes up in post-tornado Kansas, only to be whisked back to Oz to try to save her old friends the Scarecrow, the Lion, the Tin Man and Glinda from a devious new villain, the Jester. Wiser the owl, Marshal Mallow, China Princess and Tugg the tugboat join Dorothy on her latest magical journey through the colorful landscape of Oz to restore order and happiness to Emerald City.","genres":["Animation","Family","Musical"],"id":141,"imdb":{"id":884726,"rating":5.7,"votes":4867},"languages":["English"],"lastupdated":"2015-09-15 02:11:45.857000000","metacritic":25,"num_mflix_comments":0,"plot":"Dorothy wakes up in post-tornado Kansas, only to be whisked back to Oz to try to save her old friends the Scarecrow, the Lion, the Tin Man and Glinda from a devious new villain, the Jester....","poster":"https://m.media-amazon.com/images/M/MV5BMTQ0Nzg3ODc1NF5BMl5BanBnXkFtZTgwNTYzNjQzMTE@._V1_SY1000_SX677_AL_.jpg","rated":"PG","released":{"$date":"2014-05-09T00:00:00Z"},"runtime":88,"title":"Legends of Oz: Dorothy's Return","tomatoes":{"boxOffice":"$8.5M","consensus":"Faced with the choice between staying in or seeing Legends of Oz: Dorothy's Return, most filmgoers will be forced to conclude that there's no place like home.","critic":{"meter":16,"numReviews":55,"rating":3.5},"dvd":{"$date":"2014-08-26T00:00:00Z"},"fresh":9,"lastUpdated":{"$date":"2015-08-20T18:53:56Z"},"production":"Clarius Entertainment","rotten":46,"viewer":{"meter":69,"numReviews":16219,"rating":3.8},"website":"http://www.legendsofozmovie.com/"},"type":"movie","writers":["Roger S. Baum (novel)","Randi Barnes (screenplay)","Adam Balsam (screenplay)","Daniel St. Pierre (contributing writer)"],"year":2013}]
