[{"_id":{"$oid":"573a13baf29313caabd51d47"},"awards":{"nominations":0,"text":"1 win.","wins":1},"cast":["Rena Tanaka","Bo-lin Chen","Haruka Igawa","Kèichi Satè"],"countries":["Japan"],"directors":["Daisuke Tengan"],"genres":["Drama","Romance","Thriller"],"id":87,"imdb":{"id":872007,"rating":7.2,"votes":222},"languages":["Japanese"],"lastupdated":"2015-08-11 00:03:43.263000000","num_mflix_comments":0,"plot":"Story of a blind girl (Tanaka) who lives with her father near a train station. Early in the film, her father dies...","runtime":130,"title":"Waiting in the Dark","tomatoes":{"lastUpdated":{"$date":"2015-06-28T18:18:42Z"},"viewer":{"numReviews":146,"rating":3.5}},"type":"movie","writers":["Otsuichi (novel)","Daisuke Tengan (screenplay)"],"year":2006}]
