[{"_id":{"$oid":"573a13baf29313caabd50be3"},"awards":{"nominations":0,"text":"3 wins.","wins":3},"cast":["Timo Hildebrand","Oliver Kahn","Jens Lehmann","Arne Friedrich"],"countries":["Germany"],"directors":["Sènke Wortmann"],"fullplot":"A documentary on the German national team's World Cup 2006 journey, all the way from boot camp in Sardinia to the 3rd-place play-off.","genres":["Documentary","Sport"],"id":21,"imdb":{"id":853060,"rating":7.0,"votes":2647},"languages":["German","English"],"lastupdated":"2015-09-15 02:07:54.357000000","num_mflix_comments":1,"plot":"A documentary on the German national team's World Cup 2006 journey, all the way from boot camp in Sardinia to the 3rd-place play-off.","poster":"https://m.media-amazon.com/images/M/MV5BNTZkNjI5NjEtMjVjYS00YTA2LWI2ODctYmM3ODEzZTc3ZGNmXkEyXkFqcGdeQXVyMzA3Njg4MzY@._V1_SY1000_SX677_AL_.jpg","released":{"$date":"2006-10-05T00:00:00Z"},"runtime":108,"title":"Deutschland. Ein Sommermèrchen","tomatoes":{"lastUpdated":{"$date":"2015-06-12T19:24:53Z"},"production":"StudioCanal","viewer":{"meter":87,"numReviews":884,"rating":4.1}},"type":"movie","writers":["Sènke Wortmann"],"year":2006}]
