[{"_id":{"$oid":"573a13bbf29313caabd52837"},"awards":{"nominations":1,"text":"1 nomination.","wins":0},"cast":["John Cusack","Hilary Duff","Marisa Tomei","Joan Cusack"],"countries":["USA"],"directors":["Joshua Seftel"],"fullplot":"A political satire set in Turaqistan, a country occupied by an American private corporation run by a former US Vice-President. In an effort to monopolize the opportunities the war-torn nation offers, the corporation's CEO hires a troubled hit man, to kill a Middle East oil minister. Now, struggling with his own growing demons, the assassin must pose as the corporation's Trade Show Producer in order to pull off this latest hit, while maintaining his cover by organizing the high-profile wedding of Yonica Babyyeah an outrageous Middle Eastern pop star, and keeping a sexy left wing reporter in check.","genres":["Action","Comedy","Thriller"],"id":139,"imdb":{"id":884224,"rating":5.7,"votes":19531},"languages":["English","Hungarian"],"lastupdated":"2015-09-04 09:51:36.827000000","metacritic":37,"num_mflix_comments":1,"plot":"A political satire set in Turaqistan, a country occupied by an American private corporation run by a former US Vice-President. In an effort to monopolize the opportunities the war-torn ...","poster":"https://m.media-amazon.com/images/M/MV5BODk3NzkxMzE2Nl5BMl5BanBnXkFtZTcwMTIzMzQ2MQ@@._V1_SY1000_SX677_AL_.jpg","rated":"R","released":{"$date":"2008-06-13T00:00:00Z"},"runtime":107,"title":"War, Inc.","tomatoes":{"boxOffice":"$0.5M","consensus":"War, Inc. attempts to satirize the military industrial complex, but more often than not it misses its target.","critic":{"meter":30,"numReviews":80,"rating":4.6},"dvd":{"$date":"2008-10-14T00:00:00Z"},"fresh":24,"lastUpdated":{"$date":"2015-08-18T19:23:53Z"},"production":"First Look Pictures","rotten":56,"viewer":{"meter":38,"numReviews":113192,"rating":2.9},"website":"http://www.firstlookstudios.com/films/warinc/"},"type":"movie","writers":["Mark Leyner","Jeremy Pikser","John Cusack"],"year":2008}]
