[{"_id":{"$oid":"573a13baf29313caabd507e6"},"awards":{"nominations":0,"text":"6 wins.","wins":6},"cast":["Zoe Lister Jones","Francis Benhamou","Mimi Lieber","John Rothman"],"countries":["USA"],"directors":["Diane Crespo","Stefan C. Schaefer"],"fullplot":"ARRANGED centers on the friendship between an Orthodox Jewish woman and a Muslim woman who meet as first-year teachers at a public school in Brooklyn. Over the course of the year they learn they share much in common - not least of which is that they are both going through the process of arranged marriages.","genres":["Comedy","Drama","Romance"],"id":4,"imdb":{"id":848542,"rating":7.5,"votes":2149},"languages":["English","Hebrew","Arabic","Spanish"],"lastupdated":"2015-09-06 00:34:48.837000000","num_mflix_comments":1,"plot":"ARRANGED centers on the friendship between an Orthodox Jewish woman and a Muslim woman who meet as first-year teachers at a public school in Brooklyn. Over the course of the year they learn...","poster":"https://m.media-amazon.com/images/M/MV5BMTY1MzkyMzMwM15BMl5BanBnXkFtZTcwMTYwMzU1MQ@@._V1_SY1000_SX677_AL_.jpg","released":{"$date":"2009-01-09T00:00:00Z"},"runtime":90,"title":"Arranged","tomatoes":{"critic":{"meter":64,"numReviews":14,"rating":6.3},"dvd":{"$date":"2008-03-04T00:00:00Z"},"fresh":9,"lastUpdated":{"$date":"2015-08-12T19:07:30Z"},"production":"Film Movement","rotten":5,"viewer":{"meter":89,"numReviews":2097,"rating":4.0},"website":"http://www.arrangedthemovie.com/"},"type":"movie","writers":["Stefan C. Schaefer (story)","Stefan C. Schaefer","Yuta Silverman (story)"],"year":2007}]
