[{"_id":{"$oid":"573a13bbf29313caabd52efc"},"awards":{"nominations":1,"text":"1 nomination.","wins":0},"cast":["Nichole Hiltz","Lew Temple","Jeanette Brox","Myk Watford"],"countries":["USA"],"directors":["Steven Goldmann"],"fullplot":"Based on the Imperium Comics series, Trailer Park of Terror. Six troubled high school students and their chaperon, an optimistic youth ministries Pastor, return from an outdoor character building retreat in the mountains. During a raging storm, their bus crashes, hopelessly stranding them in the middle of the Trucker's Triangle, a forgotten locus of consummate evil in the middle of nowhere. The hapless group seeks shelter for the night in a seemingly abandoned trailer park they find down the road. However, when the sun sets, it's not refuge they find. Instead, terror finds them in the form of Norma, a damned redneck reaper with a killer body who dispenses vengeance and death aided by her cursed companions, a bloodthirsty brood of Undead trailer trash.","genres":["Horror","Thriller"],"id":170,"imdb":{"id":892109,"rating":5.3,"votes":3079},"languages":["English"],"lastupdated":"2015-09-07 01:11:45.240000000","num_mflix_comments":0,"plot":"Six troubled high schoolers and their leader become lost after their bus crashes during a raging storm. They seeks refuge for the night in an abandoned trailer park, managed by a sexy woman, Norma.","poster":"https://m.media-amazon.com/images/M/MV5BMTcxNjk5MDMwMF5BMl5BanBnXkFtZTcwMjMyMzU1MQ@@._V1_SY1000_SX677_AL_.jpg","rated":"R","released":{"$date":"2008-10-21T00:00:00Z"},"runtime":98,"title":"Trailer Park of Terror","tomatoes":{"dvd":{"$date":"2008-10-21T00:00:00Z"},"lastUpdated":{"$date":"2015-09-14T21:18:26Z"},"production":"Lionsgate","viewer":{"meter":39,"numReviews":1616,"rating":2.9}},"type":"movie","writers":["Timothy Dolan"],"year":2008}]
