[{"_id":{"$oid":"573a13baf29313caabd51df1"},"awards":{"nominations":3,"text":"1 win & 3 nominations.","wins":1},"cast":["Rachel McIntyre","Emma Cooper","Liam McIlfatrick","Che Corr"],"countries":["UK"],"directors":["Duane Hopkins"],"fullplot":"A group of young people grow up together in a small, rural community in the Cotswolds.","genres":["Drama"],"id":92,"imdb":{"id":872245,"rating":5.4,"votes":593},"languages":["English"],"lastupdated":"2015-09-17 03:00:02.373000000","num_mflix_comments":0,"plot":"A group of young people grow up together in a small, rural community in the Cotswolds.","poster":"https://m.media-amazon.com/images/M/MV5BMjE4NDMzMzA3MV5BMl5BanBnXkFtZTcwOTYwODk5Mw@@._V1_SY1000_SX677_AL_.jpg","released":{"$date":"2009-01-23T00:00:00Z"},"runtime":93,"title":"Better Things","tomatoes":{"critic":{"meter":86,"numReviews":14,"rating":6.5},"fresh":12,"lastUpdated":{"$date":"2015-09-16T20:25:13Z"},"production":"Soda Pictures","rotten":2,"viewer":{"meter":31,"numReviews":268,"rating":2.6}},"type":"movie","writers":["Duane Hopkins"],"year":2008}]
