[{"_id":{"$oid":"573a13baf29313caabd5075c"},"awards":{"nominations":0,"text":"2 wins.","wins":2},"countries":["West Germany"],"directors":["Jan Lenica"],"genres":["Animation","Short"],"id":2,"imdb":{"id":848381,"rating":6.8,"votes":44},"lastupdated":"2015-08-29 00:41:45.437000000","num_mflix_comments":1,"released":{"$date":{"$numberLong":"-176256000000"}},"runtime":10,"title":"Die Nashèrner","tomatoes":{"lastUpdated":{"$date":"2014-11-26T05:59:45Z"},"viewer":{"meter":100,"numReviews":1,"rating":0.0}},"type":"movie","writers":["Eugène Ionesco (play)","Jan Lenica"],"year":1964}]
