[{"_id":{"$oid":"573a13baf29313caabd51a18"},"awards":{"nominations":0,"text":"1 win.","wins":1},"cast":["Alicia Silverstone","Eion Bailey","Polly Bergen","Matthew Knight"],"countries":["Canada","USA"],"directors":["John Erman"],"fullplot":"DeeDee returns to her hometown with her 11 year old son, Trooper, 13 years after she ran off with her boyfriend. Her childhood best friend, Sam, is now married and he and his wife, Lydia, are the town's veterinarians. Lydia is a little wary about DeeDee after Sam tells her that they were best friends growing up and DeeDee was his first crush. But DeeDee and Trooper find their way into many hearts of the townspeople with their sweet helpfulness and friendships. DeeDee sets up a candle making business in town square and invites many of the ladies of the town to weekly candle making parties, and through these parties she and Lydia become good friends. One evening after dinner with Lydia and Sam, DeeDee tells Sam she's very sick and she doesn't have much longer to live and she needs his help to find a good family in town to adopt Trooper. Sam later tells Lydia everything and they decide to adopt Trooper themselves if/when something happens to DeeDee.","genres":["Drama"],"id":73,"imdb":{"id":869019,"rating":6.5,"votes":685},"languages":["English"],"lastupdated":"2015-09-06 00:37:44.540000000","num_mflix_comments":0,"plot":"A single mom returns to her hometown after a lengthy absence, posing a potential threat to the marriage of her old high school flame and his wife.","poster":"https://m.media-amazon.com/images/M/MV5BMTk4ODU2OTczOF5BMl5BanBnXkFtZTcwNzcxMjM0MQ@@._V1_SY1000_SX677_AL_.jpg","released":{"$date":"2006-11-26T00:00:00Z"},"runtime":120,"title":"Candles on Bay Street","tomatoes":{"lastUpdated":{"$date":"2015-09-12T17:26:10Z"},"production":"Hallmark Hall of Fame Productions","viewer":{"meter":70,"numReviews":564,"rating":3.6}},"type":"movie","writers":["Jonathan Estrin (teleplay)","Michael Bortman (teleplay)","K.C. McKinnon (novel)"],"year":2006}]
