[{"_id":{"$oid":"573a13baf29313caabd51d67"},"awards":{"nominations":2,"text":"1 win & 2 nominations.","wins":1},"cast":["Do Thi Hai Yen","Hoa Thuy Do","Thanh Kha Ly","Nhu Quynh Nguyen"],"countries":["Vietnam"],"directors":["Quang Hai Ngo"],"fullplot":"Set in a breath-taking primitive landscape in the mountainous provinces of Vietnam, the film tells the story of a Hmong tribe girl named Pao. She was raised by her stepmother, for her real mother left her when she was little. One day, her stepmother dies in an accident, and she begins to track down her birth mother. But her journey turns out to disclose an unsealed sentimental drama of the family in the past.","genres":["Drama"],"id":89,"imdb":{"id":872099,"rating":7.2,"votes":99},"languages":["Vietnamese"],"lastupdated":"2015-08-09 00:10:58.977000000","num_mflix_comments":2,"plot":"Set in a breath-taking primitive landscape in the mountainous provinces of Vietnam, the film tells the story of a Hmong tribe girl named Pao. She was raised by her stepmother, for her real ...","poster":"https://m.media-amazon.com/images/M/MV5BMTMzMDk3NDU3OV5BMl5BanBnXkFtZTcwMTMyNTQ0MQ@@._V1_SY1000_SX677_AL_.jpg","released":{"$date":"2007-07-28T00:00:00Z"},"runtime":98,"title":"Pao's Story","tomatoes":{"lastUpdated":{"$date":"2015-09-12T19:16:03Z"},"viewer":{"meter":0,"numReviews":43,"rating":4.0}},"type":"movie","writers":["Quang Hai Ngo (screenplay)","Do Bich Thuy (short story)"],"year":2006}]
