[{"_id":{"$oid":"573a13bbf29313caabd52d48"},"awards":{"nominations":6,"text":"1 win & 6 nominations.","wins":1},"cast":["Tobin Bell","Costas Mandylor","Scott Patterson","Betsy Russell"],"countries":["USA","Canada"],"directors":["Darren Lynn Bousman"],"fullplot":"Jigsaw and his apprentice Amanda are dead. Now, upon the news of Detective Kerry's murder, two seasoned FBI profilers, Agent Strahm and Agent Perez, arrive in the terrified community to assist the veteran Detective Hoffman in sifting through Jigsaw's latest grisly remains and piecing together the puzzle. However, when SWAT Commander Rigg is abducted and thrust into a game, the last officer untouched by Jigsaw has but ninety minutes to overcome a series of demented traps and save an old friend or face the deadly consequences.","genres":["Horror","Mystery"],"id":164,"imdb":{"id":890870,"rating":5.9,"votes":101955},"languages":["English"],"lastupdated":"2015-08-26 00:09:49.430000000","metacritic":36,"num_mflix_comments":0,"plot":"Jigsaw and his apprentice Amanda are dead. Now, upon the news of Detective Kerry's murder, two seasoned FBI profilers, Agent Strahm and Agent Perez, arrive in the terrified community to ...","poster":"https://m.media-amazon.com/images/M/MV5BNjc0NjUyNzg3MF5BMl5BanBnXkFtZTYwODMxOTM3._V1_SY1000_SX677_AL_.jpg","rated":"R","released":{"$date":"2007-10-26T00:00:00Z"},"runtime":93,"title":"Saw IV","tomatoes":{"boxOffice":"$63.3M","consensus":"Saw IV is more disturbing than compelling, with material already seen in the prior installments.","critic":{"meter":17,"numReviews":75,"rating":3.7},"dvd":{"$date":"2008-01-22T00:00:00Z"},"fresh":13,"lastUpdated":{"$date":"2015-09-15T18:22:46Z"},"production":"Lionsgate Films","rotten":62,"viewer":{"meter":62,"numReviews":568609,"rating":3.5},"website":"http://www.saw4.com"},"type":"movie","writers":["Patrick Melton (screenplay)","Marcus Dunstan (screenplay)","Patrick Melton (story)","Marcus Dunstan (story)","Thomas Fenton (story)"],"year":2007}]
