[{"_id":{"$oid":"573a13baf29313caabd521ac"},"awards":{"nominations":0,"text":"2 wins.","wins":2},"cast":["Mamoru Miyano","Brad Swaile","Vincent Tong","Ryè Naitè"],"countries":["Japan"],"fullplot":"After an intelligent yet cynical high school student begins to cleanse the world from evil with the help of a magical notebook that can kill anyone whose name is written on it, international authorities call upon a mysterious detective known as \"L\" to thwart his efforts.","genres":["Animation","Crime","Drama"],"id":108,"imdb":{"id":877057,"rating":9.0,"votes":83811},"languages":["Japanese"],"lastupdated":"2015-09-04 00:00:47.083000000","num_mflix_comments":1,"plot":"An intelligent high school student goes on a secret crusade to eliminate criminals from the world after discovering a notebook capable of killing anyone whose name is written into it.","poster":"https://m.media-amazon.com/images/M/MV5BODkzMjhjYTQtYmQyOS00NmZlLTg3Y2UtYjkzN2JkNmRjY2FhXkEyXkFqcGdeQXVyNTM4MDQ5MDc@._V1_SY1000_SX677_AL_.jpg","rated":"TV-14","released":{"$date":"2006-10-03T00:00:00Z"},"runtime":24,"title":"Death Note","tomatoes":{"lastUpdated":{"$date":"2015-07-20T19:10:59Z"},"viewer":{"meter":56,"numReviews":217,"rating":3.3}},"type":"series","year":"2006è2007"}]
