[{"_id":{"$oid":"573a13bbf29313caabd52d4f"},"awards":{"nominations":12,"text":"6 wins & 12 nominations.","wins":6},"cast":["Tommi Korpela","Maria Heiskanen","Jani Volanen","Stan Saanila"],"countries":["Finland"],"directors":["Aleksi Salmenperè"],"genres":["Drama"],"id":166,"imdb":{"id":890882,"rating":6.6,"votes":1615},"languages":["Finnish"],"lastupdated":"2015-09-12 00:20:41.703000000","num_mflix_comments":1,"plot":"Juha is 38 years old and has three small children and a depressed wife. He sees himself as strong and believes a man should provide for his family...","poster":"https://m.media-amazon.com/images/M/MV5BYTQ4NjRiNjEtNjM2OC00YzkzLWJkNWYtMDg5NTI4ZWNkZWEzXkEyXkFqcGdeQXVyMDI2NDg0NQ@@._V1_SY1000_SX677_AL_.jpg","released":{"$date":"2007-02-23T00:00:00Z"},"runtime":97,"title":"A Man's Job","tomatoes":{"lastUpdated":{"$date":"2015-08-26T18:33:23Z"},"viewer":{"meter":46,"numReviews":1577,"rating":3.2}},"type":"movie","writers":["Aleksi Salmenperè"],"year":2007}]
