[{"_id":{"$oid":"573a13baf29313caabd50dcd"},"awards":{"nominations":14,"text":"14 nominations.","wins":0},"cast":["Tadanobu Asano","Mayumi Tanaka","Chieko Baishè","Mirai Shida"],"countries":["Japan"],"directors":["Yèji Yamada"],"fullplot":"Based on childhood days of Teruyo Nogami.","genres":["Drama"],"id":29,"imdb":{"id":855852,"rating":7.6,"votes":905},"languages":["Japanese"],"lastupdated":"2015-09-04 00:08:45.570000000","num_mflix_comments":1,"plot":"Based on childhood days of Teruyo Nogami.","poster":"https://m.media-amazon.com/images/M/MV5BMTI5ODU0MzI0MV5BMl5BanBnXkFtZTcwMjc5MDc1Mg@@._V1_SY1000_SX677_AL_.jpg","released":{"$date":"2008-01-26T00:00:00Z"},"runtime":133,"title":"Kabei: Our Mother","tomatoes":{"critic":{"meter":86,"numReviews":14,"rating":7.0},"dvd":{"$date":"2009-09-08T00:00:00Z"},"fresh":12,"lastUpdated":{"$date":"2015-09-02T18:55:43Z"},"production":"Strand Releasing","rotten":2,"viewer":{"meter":79,"numReviews":747,"rating":3.7},"website":"http://www.kaabee.jp/static"},"type":"movie","writers":["Teruyo Nogami (biography)","Yèji Yamada (adaptation)","Emiko Hiramatsu (adaptation)"],"year":2008}]
