[{"_id":{"$oid":"573a13bbf29313caabd52860"},"awards":{"nominations":2,"text":"1 win & 2 nominations.","wins":1},"cast":["Kevin Hart","Josh Gad","Affion Crockett","Kaley Cuoco-Sweeting"],"countries":["USA"],"directors":["Jeremy Garelick"],"fullplot":"Doug Harris (Josh Gad) is a lovable but socially awkward groom-to-be with a problem: he has no best man. With less than two weeks to go until he marries the girl of his dreams (Kaley Cuoco-Sweeting), Doug is referred to Jimmy Callahan (Kevin Hart), owner and CEO of Best Man, Inc., a company that provides flattering best men for socially challenged guys in need. What ensues is a hilarious wedding charade as they try to pull off the big con, and an unexpected budding bromance between Doug and his fake best man Jimmy.","genres":["Comedy","Romance"],"id":142,"imdb":{"id":884732,"rating":6.7,"votes":38749},"languages":["English"],"lastupdated":"2015-09-12 00:15:41.593000000","metacritic":35,"num_mflix_comments":0,"plot":"Two weeks shy of his wedding, a socially awkward guy enters into a charade by hiring the owner of a company that provides best men for grooms in need.","poster":"https://m.media-amazon.com/images/M/MV5BMTk3MjQyNTUxNl5BMl5BanBnXkFtZTgwNjM3Mjk1MzE@._V1_SY1000_SX677_AL_.jpg","rated":"R","released":{"$date":"2015-01-16T00:00:00Z"},"runtime":101,"title":"The Wedding Ringer","tomatoes":{"consensus":"Kevin Hart and Josh Gad might be two great comedians that go great together, but there's little evidence of it on display in The Wedding Ringer.","critic":{"meter":27,"numReviews":93,"rating":4.3},"dvd":{"$date":"2015-04-28T00:00:00Z"},"fresh":25,"lastUpdated":{"$date":"2015-09-10T17:06:23Z"},"production":"Sony Screen Gems","rotten":68,"viewer":{"meter":66,"numReviews":39053,"rating":3.7},"website":"http://https://www.facebook.com/WeddingRinger"},"type":"movie","writers":["Jeremy Garelick","Jay Lavender"],"year":2015}]
