[{"_id":{"$oid":"573a13baf29313caabd50690"},"awards":{"nominations":9,"text":"4 wins & 9 nominations.","wins":4},"cast":["Ellen Burstyn","Dylan Baker","Sheila McCarthy","Judy Marshak"],"countries":["Canada","UK"],"directors":["Kari Skogland"],"fullplot":"In Manitoba, Hagar Shipley is nearing 90. She has little, she tells us, but her memories. Over several weeks, during which she runs away from her son and daughter-in-law who want to place her in a nursing home, returning to the small town where she grew up and the now-derelict farmhouse where she was married and raised two sons, we follow Hagar in the present and in memories that trace her childhood, marriage in defiance of her father, and later losses. She's fiercely even foolishly proud. Can she make peace with anyone she loves, or is she left to rage against the dying of the light?","genres":["Drama"],"id":0,"imdb":{"id":847897,"rating":6.3,"votes":1474},"languages":["English"],"lastupdated":"2015-08-31 00:34:52.607000000","metacritic":57,"num_mflix_comments":1,"plot":"In Manitoba, Hagar Shipley is nearing 90. She has little, she tells us, but her memories. Over several weeks, during which she runs away from her son and daughter-in-law who want to place ...","poster":"https://m.media-amazon.com/images/M/MV5BMTM3MDI5NTYwOF5BMl5BanBnXkFtZTcwNjU5NTU3MQ@@._V1_SY1000_SX677_AL_.jpg","rated":"R","released":{"$date":"2008-07-11T00:00:00Z"},"runtime":116,"title":"The Stone Angel","tomatoes":{"boxOffice":"$31.9k","consensus":"Despite fine performances from Ellen Burstyn and newcomer Christine Horne, The Stone Angel fails to escape formulaic melodrama territory.","critic":{"meter":41,"numReviews":22,"rating":5.5},"dvd":{"$date":"2008-10-21T00:00:00Z"},"fresh":9,"lastUpdated":{"$date":"2015-08-26T18:03:03Z"},"production":"Vivendi Entertainment","rotten":13,"viewer":{"meter":59,"numReviews":3009,"rating":3.3},"website":"http://www.thestoneangelmovie.com"},"type":"movie","writers":["Kari Skogland","Margaret Laurence (novel)"],"year":2007}]
