[{"_id":{"$oid":"573a13baf29313caabd5238b"},"awards":{"nominations":14,"text":"6 wins & 14 nominations.","wins":6},"cast":["Rebecca Hall","Elizabeth Keener","Elise Ivy","Catherine Keener"],"countries":["USA"],"directors":["Nicole Holofcener"],"fullplot":"Two families, sort of neighbors in Manhattan, cross paths as they navigate marriage, parenthood of a teen, ennui, a first date, and end-of-life care. Rebecca and Mary are sisters; their cranky 91-year-old grandmother's neighbors, Kateand Alex, run an upscale retro-furniture business, and will expand into her flat after she dies. Rebecca is quiet, without a boyfriend until a patient at the clinic where she works introduces her grandson. Mary is acerbic, stung by a recent breakup. Kate looks for meaning in her life, wondering if she should volunteer. Alex, too, is at loose ends. Their daughter, Abby, has zits and teenage moods. What does it mean to be good?","genres":["Comedy","Drama"],"id":113,"imdb":{"id":878835,"rating":6.6,"votes":9543},"languages":["English"],"lastupdated":"2015-08-21 01:04:41.517000000","metacritic":78,"num_mflix_comments":0,"plot":"In New York City, a husband and wife butt heads with the granddaughters of the elderly woman who lives in the apartment the couple owns.","poster":"https://m.media-amazon.com/images/M/MV5BNTczOTAxOTMyM15BMl5BanBnXkFtZTcwMTgyNTIyMw@@._V1_SY1000_SX677_AL_.jpg","rated":"R","released":{"$date":"2010-06-18T00:00:00Z"},"runtime":90,"title":"Please Give","tomatoes":{"boxOffice":"$4.0M","consensus":"Nicole Holofcener's newest might seem slight in places, but its rendering of complex characters in a conflicted economic landscape is varied, natural, and touching all the same.","critic":{"meter":86,"numReviews":135,"rating":7.4},"dvd":{"$date":"2010-10-19T00:00:00Z"},"fresh":116,"lastUpdated":{"$date":"2015-09-12T18:18:36Z"},"production":"Sony Pictures Classics","rotten":19,"viewer":{"meter":64,"numReviews":11438,"rating":3.4},"website":"http://www.sonyclassics.com/pleasegive/"},"type":"movie","writers":["Nicole Holofcener"],"year":2010}]
