[{"_id":{"$oid":"573a13bbf29313caabd52756"},"awards":{"nominations":9,"text":"5 wins & 9 nominations.","wins":5},"cast":["Krissada Sukosol","Achita Sikamana","Sarunyu Wongkrachang","Nattapong Arunnate"],"countries":["Thailand"],"directors":["Chookiat Sakveerakul"],"fullplot":"Pusit is having the worst day of his life. He just lost his job and is in serious debt. That is all about to change when he receives a mysterious phone call with a tempting offer. If he could complete 13 tasks, he will win 100 million Baht. Pusit agrees and the game begins.","genres":["Comedy","Crime","Drama"],"id":136,"imdb":{"id":883995,"rating":6.8,"votes":4394},"languages":["Thai","English"],"lastupdated":"2015-08-25 00:24:13.993000000","num_mflix_comments":0,"plot":"Pusit is having the worst day of his life. He just lost his job and is in serious debt. That is all about to change when he receives a mysterious phone call with a tempting offer. If he ...","poster":"https://m.media-amazon.com/images/M/MV5BMzNjMzA4OTMtN2YwNC00YmIxLTk1N2QtZTdiZWE3NDc1OTBhXkEyXkFqcGdeQXVyMTQxNzMzNDI@._V1_SY1000_SX677_AL_.jpg","rated":"R","released":{"$date":"2006-10-05T00:00:00Z"},"runtime":114,"title":"13: Game of Death","tomatoes":{"dvd":{"$date":"2005-07-05T00:00:00Z"},"lastUpdated":{"$date":"2015-08-24T18:45:52Z"},"viewer":{"meter":61,"numReviews":2544,"rating":3.4}},"type":"movie","writers":["Eakasit Thairatana (story)","Eakasit Thairatana (screenplay)","Chookiat Sakveerakul (screenplay)"],"year":2006}]
