[{"_id":{"$oid":"573a13baf29313caabd51fcf"},"awards":{"nominations":8,"text":"8 wins & 8 nominations.","wins":8},"cast":["Seung-woo Cho","Yun-shik Baek","Hye-su Kim","Hae-jin Yoo"],"countries":["South Korea"],"directors":["Dong-hoon Choi"],"fullplot":"A guy with a talent for cards makes his way into the dangerous world of underground gambling in this crime thriller from South Korea. Go-ni (Jo Seung-woo) is a small-town guy with a big appetite for gambling. Convinced he?s on a hot streak one evening during a card game, Go-ni bets his life savings on a hand of hwatu, only to lose to a crooked cardsharp. Determined to get revenge, Go-ni sets out to find the guy who cheated him and win back his money.","genres":["Comedy","Crime"],"id":97,"imdb":{"id":875025,"rating":7.3,"votes":1077},"languages":["Korean"],"lastupdated":"2015-08-09 00:48:23.147000000","metacritic":77,"num_mflix_comments":0,"plot":"A guy with a talent for cards makes his way into the dangerous world of underground gambling in this crime thriller from South Korea. Go-ni (Jo Seung-woo) is a small-town guy with a big ...","poster":"https://m.media-amazon.com/images/M/MV5BMTU1MjQ0ODMzMF5BMl5BanBnXkFtZTgwNjI5ODc1MjE@._V1_SY1000_SX677_AL_.jpg","released":{"$date":"2006-09-28T00:00:00Z"},"runtime":139,"title":"Tazza: The High Rollers","tomatoes":{"lastUpdated":{"$date":"2015-07-20T19:00:37Z"},"production":"CJ Entertainment","viewer":{"meter":86,"numReviews":806,"rating":3.8}},"type":"movie","writers":["Dong-hoon Choi","Yeong-man Heo (comic)"],"year":2006}]
