[{"_id":{"$oid":"573a13bbf29313caabd52ff4"},"awards":{"nominations":51,"text":"Nominated for 2 Oscars. Another 30 wins & 51 nominations.","wins":32},"cast":["Jay Baruchel","Gerard Butler","Craig Ferguson","America Ferrera"],"countries":["USA"],"directors":["Dean DeBlois","Chris Sanders"],"fullplot":"Long ago up North on the Island of Berk, the young Viking, Hiccup, wants to join his town's fight against the dragons that continually raid their town. However, his macho father and village leader, Stoik the Vast, will not allow his small, clumsy, but inventive son to do so. Regardless, Hiccup ventures out into battle and downs a mysterious Night Fury dragon with his invention, but can't bring himself to kill it. Instead, Hiccup and the dragon, whom he dubs Toothless, begin a friendship that would open up both their worlds as the observant boy learns that his people have misjudged the species. But even as the two each take flight in their own way, they find that they must fight the destructive ignorance plaguing their world.","genres":["Animation","Adventure","Family"],"id":175,"imdb":{"id":892769,"rating":8.2,"votes":421636},"languages":["English"],"lastupdated":"2015-08-31 00:01:14.920000000","metacritic":74,"num_mflix_comments":0,"plot":"A hapless young Viking who aspires to hunt dragons becomes the unlikely friend of a young dragon himself, and learns there may be more to the creatures than he assumed.","poster":"https://m.media-amazon.com/images/M/MV5BMjA5NDQyMjc2NF5BMl5BanBnXkFtZTcwMjg5ODcyMw@@._V1_SY1000_SX677_AL_.jpg","rated":"PG","released":{"$date":"2010-03-26T00:00:00Z"},"runtime":98,"title":"How to Train Your Dragon","tomatoes":{"boxOffice":"$217.4M","consensus":"Boasting dazzling animation, a script with surprising dramatic depth, and thrilling 3-D sequences, How to Train Your Dragon soars.","critic":{"meter":98,"numReviews":200,"rating":7.9},"dvd":{"$date":"2010-10-15T00:00:00Z"},"fresh":196,"lastUpdated":{"$date":"2015-09-12T17:08:31Z"},"production":"Paramount/DWA","rotten":4,"viewer":{"meter":91,"numReviews":307989,"rating":4.2},"website":"http://www.HowToTrainYourDragon.com/"},"type":"movie","writers":["William Davies (screenplay)","Dean DeBlois (screenplay)","Chris Sanders (screenplay)","Cressida Cowell (book)"],"year":2010}]
