[{"_id":{"$oid":"573a13baf29313caabd51b87"},"awards":{"nominations":1,"text":"1 win & 1 nomination.","wins":1},"cast":["Mikhail Gorbachev","Vèclav Havel","Wojciech Jaruzelski","Roy Medvedev"],"countries":["Canada","France","Germany","UK","USA"],"directors":["Ben Lewis"],"fullplot":"George Orwell wrote that in a repressive political system every joke is a \"tiny revolution.\" Jokes were an essential part of the communist experience because the monopoly of state power meant that any act of non-conformity, down to a simple turn of phrase, could be construed as a form of dissent. By the same token, a joke about any facet of life became a joke about communism. Hammer & Tickle recounts a humorous history of the Soviet Union and its satellite states through the jokes that flourished under the oppressive regimes in Russia and Eastern Europe. Jokes, the film contends, were a language of truth under Communism; a language that allowed people to navigate the disconnect between propaganda and reality and provided a means of resisting the system despite the absence of free speech. Using animated sequences, manipulated archival footage, and sketches to resurrect the jokes, the film offers an ironic take on the history of Communism while simultaneously investigating the social and political impact of jokes under Soviet rule. Interviews with Solidarity leader and former Polish president Lech Walesa, hard-line Polish leader General Jaroszelski, German actor Peter Sodann, German satirist and author Ernst Roehl, East German newspaper editor and Politburo member Guenter Schabowski, and academics Christie Davies and Roy Medvedev address the role that jokes played in challenging and weakening the Communist system from the inside even as joke-tellers faced censure or time in the Gulag for voicing their humor. Light and irreverent in its tone, Hammer & Tickle is really about the ultimate seriousness of joking and the use of the power of laughter to overcome hardship. This history of humor under the Soviet regime offers a direct, incontrovertible way to understand what it was like living in a Communist society, and is also proof that the human spirit can never be broken.","genres":["Documentary","Comedy","History"],"id":79,"imdb":{"id":870117,"rating":7.3,"votes":93},"languages":["English"],"lastupdated":"2015-06-14 00:42:05.813000000","num_mflix_comments":2,"plot":"George Orwell wrote that in a repressive political system every joke is a \"tiny revolution.\" Jokes were an essential part of the communist experience because the monopoly of state power ...","released":{"$date":"2007-01-08T00:00:00Z"},"runtime":89,"title":"Hammer & Tickle","tomatoes":{"dvd":{"$date":"2010-10-19T00:00:00Z"},"lastUpdated":{"$date":"2015-07-07T19:40:42Z"},"production":"Indiepix","viewer":{"meter":100,"numReviews":24,"rating":3.5},"website":"http://www.harrisonmontgomery.com/"},"type":"movie","writers":["Ben Lewis"],"year":2006}]
