[{"_id":{"$oid":"573a13baf29313caabd516f0"},"awards":{"nominations":24,"text":"17 wins & 24 nominations.","wins":17},"cast":["Rhys Wakefield","Luke Ford","Toni Collette","Erik Thomson"],"countries":["Australia","UK"],"directors":["Elissa Down"],"fullplot":"Thomas is turning 16. His dad's in the army and they've just moved to a town in New South Wales; his mom is pregnant; his older brother, Charlie, who's autistic, has his own adolescent sexual issues. Thomas finds Charlie an embarrassment in public, so when Thomas is attracted to Jackie, a girl in his swim class, Charlie presents any number of obstacles when she drops by their house, when the three of them go for a walk, and during a family birthday dinner. Can Thomas find a way to enter the world of teen romance and still be his brother's keeper, or is Charlie's disability going to prove more than Thomas can handle?","genres":["Drama","Romance"],"id":64,"imdb":{"id":865297,"rating":7.3,"votes":6916},"languages":["English"],"lastupdated":"2015-08-22 00:40:24.517000000","metacritic":68,"num_mflix_comments":0,"plot":"All Thomas wants is a normal adolescence but his autistic brother, Charlie, thwarts his every opportunity. Will Thomas, with the help of his girlfriend, Jackie, accept his brother?","poster":"https://m.media-amazon.com/images/M/MV5BMjE4NDk2MTk5Ml5BMl5BanBnXkFtZTcwODI2MzU1MQ@@._V1_SY1000_SX677_AL_.jpg","rated":"PG-13","released":{"$date":"2008-03-06T00:00:00Z"},"runtime":97,"title":"The Black Balloon","tomatoes":{"consensus":"A tender and witty portrayal of a family coping with autism, The Black Balloon is heartfelt without being schmaltzy or moralizing.","critic":{"meter":88,"numReviews":41,"rating":7.0},"dvd":{"$date":"2010-03-23T00:00:00Z"},"fresh":36,"lastUpdated":{"$date":"2015-09-10T19:06:48Z"},"production":"NeoClassics Films","rotten":5,"viewer":{"meter":85,"numReviews":4569,"rating":3.9},"website":"http://www.theblackballoonmovie.com/"},"type":"movie","writers":["Elissa Down","Jimmy Jack"],"year":2008}]
