[{"_id":{"$oid":"573a13bbf29313caabd52692"},"awards":{"nominations":0,"text":"3 wins.","wins":3},"cast":["Alyson Stoner","Luke Perry","Lucas Grabeel","Penny Marshall"],"countries":["France","USA"],"directors":["Sandy Tung"],"fullplot":"Still mourning the death of her mother a few years back, ALICE McKINLEY finds her life seriously disrupted when her father BEN buys a store and moves her and her older brother LESTER to a new town. In the painful throes of adolescence, Alice has a rough time adjusting to her new school, especially after she gets the stern MRS. PLOTKIN as her core teacher. Feeling shy and isolated, Alice frequently escapes into a vivid fantasy life that occasionally gets her into hot water. But with a little unexpected help from Mrs. Plotkin, Alice learns not to judge by appearances or jump to conclusions. More importantly, she confronts her father over his inability to accept their loss and move on into the future...","genres":["Adventure","Comedy","Drama"],"id":127,"imdb":{"id":882742,"rating":5.6,"votes":957},"languages":["English"],"lastupdated":"2015-09-01 01:13:25.163000000","num_mflix_comments":1,"plot":"Still mourning the death of her mother a few years back, ALICE McKINLEY finds her life seriously disrupted when her father BEN buys a store and moves her and her older brother LESTER to a ...","poster":"https://m.media-amazon.com/images/M/MV5BMjA1MTc5MTUwNF5BMl5BanBnXkFtZTcwMjgwODI3MQ@@._V1_SY1000_SX677_AL_.jpg","released":{"$date":"2007-10-06T00:00:00Z"},"runtime":91,"title":"Alice Upside Down","tomatoes":{"dvd":{"$date":"2008-07-29T00:00:00Z"},"lastUpdated":{"$date":"2015-09-11T17:18:22Z"},"production":"Anchor Bay Entertainment","viewer":{"meter":51,"numReviews":3249,"rating":3.3},"website":"http://thealicemovie.com/index.php"},"type":"movie","writers":["Meghan Heritage (screenplay)","Phyllis Reynolds Naylor (book)","Declan O'Brien (story)","Sandy Tung (screenplay)"],"year":2007}]
