[{"_id":{"$oid":"573a13baf29313caabd50f8e"},"awards":{"nominations":5,"text":"9 wins & 5 nominations.","wins":9},"cast":["Alysson Paradis","Jean-Baptiste Tabourin","Claude Lulè","Dominique Frot"],"countries":["France"],"directors":["Alexandre Bustillo","Julien Maury"],"fullplot":"Four months before Christmas, Sarah and Matthieu Scarangelo were in a car crash, of which Sarah and her unborn baby were the only survivors. On Christmas Eve, Sarah stays home alone, where she grieves her husband and prepares to go to the hospital the next morning for the delivery. As night falls, a woman knocks on Sarah's door asking to use the phone. When she refuses, the woman reveals that she knows Sarah and tries to force her way in. Sarah calls the police; they inspect the home and determine the woman has left, but promise to keep watch over Sarah through the night. The woman returns and tries to take Sarah's unborn child, but Sarah locks herself in the bathroom. The strange woman torments Sarah through the night and kills all who try help her.","genres":["Horror","Thriller"],"id":35,"imdb":{"id":856288,"rating":6.9,"votes":26727},"languages":["French"],"lastupdated":"2015-09-16 13:02:06.877000000","num_mflix_comments":1,"plot":"Four months after the death of her husband, a woman on the brink of motherhood is tormented in her home by a strange woman who wants her unborn baby.","poster":"https://m.media-amazon.com/images/M/MV5BNTgyODRlNjQtMGZhNS00ZTA3LTgyNjgtNDYwNWM1ZDI0ODMzXkEyXkFqcGdeQXVyMTQxNzMzNDI@._V1_SY1000_SX677_AL_.jpg","rated":"R","released":{"$date":"2007-06-13T00:00:00Z"},"runtime":82,"title":"Inside","tomatoes":{"critic":{"meter":83,"numReviews":12,"rating":7.4},"dvd":{"$date":"2008-04-15T00:00:00Z"},"fresh":10,"lastUpdated":{"$date":"2015-09-13T17:01:03Z"},"production":"The Weinstein Company","rotten":2,"viewer":{"meter":76,"numReviews":6833,"rating":3.8},"website":"http://www.alinterieur.fr/"},"type":"movie","writers":["Julien Maury (by)","Alexandre Bustillo (by)","Alexandre Bustillo (scenario"," adaptation and dialogue)"],"year":2007}]
