[{"_id":{"$oid":"573a13baf29313caabd52003"},"awards":{"nominations":0,"text":"2 wins.","wins":2},"cast":["Mark Chinnery","Yuria Haga","Takami Mizuhashi","Kazunori Sasaki"],"countries":["Japan"],"directors":["Manabu Asè","Ryuichi Hiroki"],"fullplot":"Akira had to transfer schools upon graduation because of her father's job. She was reluctant to move because of her secret love for Nao, a childhood friend. Nao, however, is head over heels for Tamaki. A farewell party is planned for Akira. She had longed to spend the final day with Nao, but oblivious to Akira's feelings, he invites Tamaki to the party instead. An argument ensues at the party, prompting Akira to leave. Akira cannot forgive Tamaki for playing with Nao's feelings. Then, a senior member of Akira's archery club and Tamaki's former boyfriend, Gaku comes into the picture.","genres":["Drama"],"id":100,"imdb":{"id":875130,"rating":6.4,"votes":106},"languages":["Japanese"],"lastupdated":"2015-02-13 00:31:43.277000000","num_mflix_comments":1,"plot":"Akira had to transfer schools upon graduation because of her father's job. She was reluctant to move because of her secret love for Nao, a childhood friend. Nao, however, is head over heels...","released":{"$date":"2006-08-04T00:00:00Z"},"runtime":89,"title":"Love on Sunday","tomatoes":{"lastUpdated":{"$date":"2015-07-20T18:41:37Z"},"viewer":{"numReviews":54,"rating":4.4}},"type":"movie","year":2006}]
