[{"_id":{"$oid":"573a13baf29313caabd50b79"},"awards":{"nominations":2,"text":"2 nominations.","wins":0},"cast":["Anna Faris","Colin Hanks","Emma Stone","Kat Dennings"],"countries":["USA"],"directors":["Fred Wolf"],"fullplot":"Finding family. Shelley Darlingson was raised in an orphanage, finally happy when she blossoms into a fox and moves into the Playboy Mansion. Unfortunately, she's summarily expelled on her 27th birthday(she's now too old). In desperation she takes a job as house mother for a sorority of misfits losing their house for lack of members. They have but a few months to find 30 pledges, or a sorority of mean girls will take over their place. Shelley figures that girls will pledge a house that boys find interesting, so she sets out to make the Zetas alluring, not act too smart, and host great parties. Can she succeed, and what about her own makeover? Sabotage is everywhere, plus it's hard to be one's self.","genres":["Comedy","Romance"],"id":20,"imdb":{"id":852713,"rating":5.5,"votes":59467},"languages":["English"],"lastupdated":"2015-09-10 17:39:23.090000000","metacritic":55,"num_mflix_comments":1,"plot":"After Playboy bunny Shelley is kicked out of the playboy mansion, she finds a job as the house mother for a sorority full of socially awkward girls.","poster":"https://m.media-amazon.com/images/M/MV5BODkxMDg0MjM2OF5BMl5BanBnXkFtZTcwMjc0NTU4MQ@@._V1_SY1000_SX677_AL_.jpg","rated":"PG-13","released":{"$date":"2008-08-22T00:00:00Z"},"runtime":97,"title":"The House Bunny","tomatoes":{"boxOffice":"$48.2M","consensus":"Anna Faris is game, but she can't salvage this middling, formulaic comedy.","critic":{"meter":42,"numReviews":122,"rating":5.1},"dvd":{"$date":"2008-12-19T00:00:00Z"},"fresh":51,"lastUpdated":{"$date":"2015-09-15T18:43:48Z"},"production":"Sony Pictures/Columbia","rotten":71,"viewer":{"meter":50,"numReviews":210923,"rating":3.2},"website":"http://www.thehousebunny.com/"},"type":"movie","writers":["Karen McCullah","Kirsten Smith"],"year":2008}]
