[{"_id":{"$oid":"573a13bbf29313caabd52867"},"awards":{"nominations":0,"text":"1 win.","wins":1},"cast":["Bernard Hill"],"countries":["UK"],"fullplot":"An in-depth look at some of China's most impressive natural sites such as the ancient Han kingdom, the Mongol steppes, the Silk Road and the Tibetan Plateau.","genres":["Documentary"],"id":143,"imdb":{"id":884762,"rating":8.6,"votes":1773},"languages":["English"],"lastupdated":"2015-09-07 01:15:05.950000000","num_mflix_comments":0,"plot":"An in-depth look at some of China's most impressive natural sites such as the ancient Han kingdom, the Mongol steppes, the Silk Road and the Tibetan Plateau.","poster":"https://m.media-amazon.com/images/M/MV5BZDRhZjM1NDItMjAyZi00ZjBkLWFiZDYtY2FkNWI4MzE4YmNhXkEyXkFqcGdeQXVyNTAyODkwOQ@@._V1_SY1000_SX677_AL_.jpg","released":{"$date":"2008-05-11T00:00:00Z"},"runtime":60,"title":"Wild China","tomatoes":{"dvd":{"$date":"2007-10-30T00:00:00Z"},"lastUpdated":{"$date":"2015-07-02T19:04:05Z"},"viewer":{"meter":73,"numReviews":155,"rating":3.9}},"type":"series","year":2008}]
