[{"_id":{"$oid":"573a13bbf29313caabd52b33"},"awards":{"nominations":94,"text":"Won 6 Oscars. Another 124 wins & 94 nominations.","wins":130},"cast":["Jeremy Renner","Anthony Mackie","Brian Geraghty","Guy Pearce"],"countries":["USA"],"directors":["Kathryn Bigelow"],"fullplot":"An intense portrayal of elite soldiers who have one of the most dangerous jobs in the world: disarming bombs in the heat of combat. When a new sergeant, James, takes over a highly trained bomb disposal team amidst violent conflict, he surprises his two subordinates, Sanborn and Eldridge, by recklessly plunging them into a deadly game of urban combat. James behaves as if he's indifferent to death. As the men struggle to control their wild new leader, the city explodes into chaos, and James' true character reveals itself in a way that will change each man forever.","genres":["Drama","History","Thriller"],"id":153,"imdb":{"id":887912,"rating":7.6,"votes":299376},"languages":["English","Arabic"],"lastupdated":"2015-08-23 00:36:49.220000000","metacritic":94,"num_mflix_comments":0,"plot":"During the Iraq War, a Sergeant recently assigned to an army bomb squad is put at odds with his squad mates due to his maverick way of handling his work.","poster":"https://m.media-amazon.com/images/M/MV5BYWYxZjU2MmQtMmMzYi00ZWUwLTg2ZWQtMDExZTVlYjM3ZWM1XkEyXkFqcGdeQXVyNzkwMjQ5NzM@._V1_SY1000_SX677_AL_.jpg","rated":"R","released":{"$date":"2009-07-31T00:00:00Z"},"runtime":131,"title":"The Hurt Locker","tomatoes":{"boxOffice":"$15.7M","consensus":"A well-acted, intensely shot, action filled war epic, Kathryn Bigelow's The Hurt Locker is thus far the best of the recent dramatizations of the Iraq War.","critic":{"meter":98,"numReviews":251,"rating":8.5},"dvd":{"$date":"2010-01-12T00:00:00Z"},"fresh":245,"lastUpdated":{"$date":"2015-09-12T17:10:26Z"},"production":"Summit Entertainment","rotten":6,"viewer":{"meter":84,"numReviews":92201,"rating":3.9},"website":"http://www.thehurtlocker-movie.com/"},"type":"movie","writers":["Mark Boal"],"year":2008}]
