[{"_id":{"$oid":"573a13bbf29313caabd5266b"},"awards":{"nominations":1,"text":"1 win & 1 nomination.","wins":1},"cast":["Jonas Ball","Mie Omori","Krisha Fairchild","Gail Kay Bell"],"countries":["UK"],"directors":["Andrew Piddington"],"fullplot":"A dramatization of Mark Champman's plan to murder John Lennon.","genres":["Crime","Drama"],"id":125,"imdb":{"id":881934,"rating":6.3,"votes":1258},"languages":["English"],"lastupdated":"2015-07-26 00:46:13.023000000","metacritic":49,"num_mflix_comments":1,"plot":"A dramatization of Mark Champman's plan to murder John Lennon.","poster":"https://m.media-amazon.com/images/M/MV5BMTI0MjEzNzczNl5BMl5BanBnXkFtZTcwMzQ5MjU1MQ@@._V1_SY1000_SX677_AL_.jpg","released":{"$date":"2007-12-07T00:00:00Z"},"runtime":114,"title":"The Killing of John Lennon","tomatoes":{"consensus":"Despite a committed performance by newcomer Jonas Ball, The Killing of John Lennon is ultimately a flimsy character study.","critic":{"meter":37,"numReviews":35,"rating":4.9},"dvd":{"$date":"2008-08-05T00:00:00Z"},"fresh":13,"lastUpdated":{"$date":"2015-07-31T19:40:19Z"},"production":"IFC Films","rotten":22,"viewer":{"meter":46,"numReviews":35240,"rating":3.1},"website":"http://www.thekillingofjohnlennon.com/index.html"},"type":"movie","writers":["Andrew Piddington"],"year":2006}]
