[{"_id":{"$oid":"573a13baf29313caabd50b72"},"awards":{"nominations":2,"text":"2 nominations.","wins":0},"cast":["Ryèhei Matsuda","Hitomi","Masanobu Andè","Ren èsugi"],"countries":["Japan"],"directors":["Shin'ya Tsukamoto"],"fullplot":"Three people in Tokyo take a surreal voyage of self-discovery through memory and nightmares. \"O\" intends suicide while talking on a cell-phone with a stranger he meets on line who plans a simultaneous suicide. Events take a horrifying turn. Keiko Kirishima is a cool, seemingly emotionless police detective, brilliant but off-putting. She's faced with two mutilated corpses who appear to have killed themselves, but she's not sure. A cell-phone number links the deaths. She calls on Akumu Tantei, a poor and suicidal young man who has the ability to enter people's dreams. He's reluctant to help. His past haunts him. A subconscious duel of terror and blood awaits the three.","genres":["Fantasy","Horror","Thriller"],"id":19,"imdb":{"id":852726,"rating":6.3,"votes":1902},"languages":["Japanese"],"lastupdated":"2015-09-15 03:34:09.677000000","num_mflix_comments":1,"plot":"Three people in Tokyo take a surreal voyage of self-discovery through memory and nightmares. \"O\" intends suicide while talking on a cell-phone with a stranger he meets on line who plans a ...","poster":"https://m.media-amazon.com/images/M/MV5BYTE3ZDY1MGYtZjI2Yi00Y2UzLTk1ZDQtZmY3YzYwZDZhZWU5XkEyXkFqcGdeQXVyNjcwNDkxMzg@._V1_SY1000_SX677_AL_.jpg","released":{"$date":"2007-01-13T00:00:00Z"},"runtime":106,"title":"Nightmare Detective","tomatoes":{"dvd":{"$date":"2008-02-19T00:00:00Z"},"lastUpdated":{"$date":"2015-08-05T19:50:52Z"},"viewer":{"meter":49,"numReviews":1725,"rating":3.2}},"type":"movie","writers":["Hisakatsu Kuroki","Shin'ya Tsukamoto"],"year":2006}]
