[{"_id":{"$oid":"573a13baf29313caabd50a26"},"awards":{"nominations":10,"text":"3 wins & 10 nominations.","wins":3},"cast":["David Haig","Daniel Radcliffe","Kim Cattrall","Carey Mulligan"],"countries":["UK"],"directors":["Brian Kirk"],"fullplot":"English gentleman author Rudyard Kipling, famous for the Jungle Book, uses his considerable influence, being on a War Office propaganda think tank, to get his nearly 18 year-old son John 'Jack', admitted for military service during World war I after he is repeatedly refused on account of his bad eyesight. He is enrolled in the Irish Guards: their patriotic dream but mother and sister's nightmare. After a short officer training course Jack gets command of a platoon and embarks in France. Soon, and just after his 18th birthday, his unit suffers terrible losses and Jack is reported missing. Now mother Caroline 'Carry' Kipling proves unstoppable pushing Rudyard's influence and half of England to help find out the truth. When it finally comes, there is far less glory than gore and guilt.","genres":["Biography","Drama","History"],"id":14,"imdb":{"id":851430,"rating":7.3,"votes":4163},"languages":["English"],"lastupdated":"2015-09-12 00:01:59.153000000","num_mflix_comments":1,"plot":"Author Rudyard Kipling and his wife search for their 18-year-old son after he goes missing during World War I.","poster":"https://m.media-amazon.com/images/M/MV5BMTkzNDE1MDA0OF5BMl5BanBnXkFtZTcwMTQ5MTE2MQ@@._V1_SY1000_SX677_AL_.jpg","released":{"$date":"2008-04-20T00:00:00Z"},"runtime":95,"title":"My Boy Jack","tomatoes":{"dvd":{"$date":"2008-04-22T00:00:00Z"},"lastUpdated":{"$date":"2015-09-11T18:06:32Z"},"production":"Warner Home Video","viewer":{"meter":72,"numReviews":2471,"rating":3.7}},"type":"movie","writers":["David Haig (play)"],"year":2007}]
