[{"_id":{"$oid":"573a13baf29313caabd522f5"},"awards":{"nominations":0,"text":"2 wins.","wins":2},"cast":["Pearl Fryar"],"countries":["USA"],"directors":["Scott Galloway","Brent Pierson"],"fullplot":"A Man Named Pearl tells the inspiring story of self-taught topiary artist Pearl Fryar. It offers a message that speaks to respect for both self and others, and shows what one person can achieve when he allows himself to share the full expression of his humanity.","genres":["Documentary"],"id":110,"imdb":{"id":878134,"rating":7.9,"votes":266},"languages":["English"],"lastupdated":"2015-09-16 12:00:56.417000000","metacritic":63,"num_mflix_comments":0,"plot":"A Man Named Pearl tells the inspiring story of self-taught topiary artist Pearl Fryar. It offers a message that speaks to respect for both self and others, and shows what one person can ...","poster":"https://m.media-amazon.com/images/M/MV5BMTQ0NDEwMTY1NF5BMl5BanBnXkFtZTcwODI2NDkzMQ@@._V1_SY1000_SX677_AL_.jpg","rated":"G","released":{"$date":"2006-10-20T00:00:00Z"},"runtime":78,"title":"A Man Named Pearl","tomatoes":{"consensus":"Though it lacks moviemaking polish, A Man Named Pearl is redeemed by the interest -- and uplift -- generated by its subject.","critic":{"meter":74,"numReviews":31,"rating":6.7},"dvd":{"$date":"2008-11-25T00:00:00Z"},"fresh":23,"lastUpdated":{"$date":"2015-09-16T18:10:25Z"},"production":"Shadow Distribution","rotten":8,"viewer":{"meter":89,"numReviews":491,"rating":4.1},"website":"http://www.amannamedpearl.com/"},"type":"movie","year":2006}]
