[{"_id":{"$oid":"573a13bbf29313caabd52d4c"},"awards":{"nominations":1,"text":"1 nomination.","wins":0},"cast":["Lars Kaalund","Bodil Jèrgensen","Ann Eleonora Jèrgensen","Peter Gantzler"],"countries":["Denmark"],"directors":["Lone Scherfig"],"fullplot":"As the citizens of a secluded Danish town gradually lose their trust in one another, the sight of a naked man in the early morning hours sets off an unsettling wave of paranoia. Now, as a dedicated group of inhabitants set out to uncover the naked man's identity and re-establish their sense of community, they suddenly begin to realize that in assisting their neighbors they are simultaneously and inadvertently bettering themselves as well.","genres":["Comedy"],"id":165,"imdb":{"id":890879,"rating":5.5,"votes":343},"languages":["Danish"],"lastupdated":"2015-09-02 00:09:00.537000000","num_mflix_comments":0,"plot":"As the citizens of a secluded Danish town gradually lose their trust in one another, the sight of a naked man in the early morning hours sets off an unsettling wave of paranoia. Now, as a ...","poster":"https://m.media-amazon.com/images/M/MV5BMTcyMzA5MTUwNl5BMl5BanBnXkFtZTcwNzAwNzM1MQ@@._V1_SY1000_SX677_AL_.jpg","released":{"$date":"2007-03-30T00:00:00Z"},"runtime":97,"title":"Just Like Home","tomatoes":{"lastUpdated":{"$date":"2015-09-12T17:25:27Z"},"viewer":{"meter":60,"numReviews":224,"rating":3.4}},"type":"movie","writers":["Niels Hausgaard","Lone Scherfig"],"year":2007}]
