[{"_id":{"$oid":"573a13baf29313caabd50933"},"awards":{"nominations":2,"text":"2 nominations.","wins":0},"cast":["Juno Temple","Jackson Ning","Samantha Ives","Anika Jennie Ji"],"countries":["USA"],"directors":["Bradley Rust Gray"],"fullplot":"Jack and Diane, two teenage girls, meet in New York City and spend the night kissing ferociously. Diane's charming innocence quickly begins to open Jack's tough skinned heart. But, when Jack discovers that Diane is leaving the country in a week she tries to push her away. Diane must struggle to keep their love alive while hiding the secret that her newly awakened sexual desire is giving her werewolf-like visions.","genres":["Drama","Horror","Romance"],"id":12,"imdb":{"id":850677,"rating":4.5,"votes":2017},"languages":["English"],"lastupdated":"2015-08-29 00:02:40.140000000","metacritic":45,"num_mflix_comments":0,"plot":"Diane's feelings for Jack -- the girl she met over the summer -- begin to manifest themselves in terrifying ways when she learns that her friend will soon be moving away.","poster":"https://m.media-amazon.com/images/M/MV5BMTQ5MDEyNDk5MF5BMl5BanBnXkFtZTcwNjMxODk2Nw@@._V1_SY1000_SX677_AL_.jpg","rated":"R","released":{"$date":"2012-04-20T00:00:00Z"},"runtime":110,"title":"Jack & Diane","tomatoes":{"boxOffice":"$1.0k","critic":{"meter":13,"numReviews":24,"rating":4.0},"dvd":{"$date":"2013-01-07T00:00:00Z"},"fresh":3,"lastUpdated":{"$date":"2015-08-26T18:46:20Z"},"production":"Magnolia Pictures","rotten":21,"viewer":{"meter":21,"numReviews":2696,"rating":2.2},"website":"http://www.magpictures.com/jackanddiane/"},"type":"movie","writers":["Bradley Rust Gray"],"year":2012}]
