[{"_id":{"$oid":"573a13baf29313caabd50a79"},"awards":{"nominations":7,"text":"3 wins & 7 nominations.","wins":3},"cast":["Lifan Dong","Bo Huang","Kong Jiu","Morris Hsiang Jung"],"countries":["China"],"directors":["Hao Ning"],"fullplot":"An action-adventure story focused on the lives of express deliverymen, traffic cops and lonely beauties.","genres":["Action","Adventure","Comedy"],"id":15,"imdb":{"id":851515,"rating":7.5,"votes":1295},"languages":["Mandarin","Hokkien"],"lastupdated":"2015-07-26 00:51:58.193000000","num_mflix_comments":0,"plot":"An action-adventure story focused on the lives of express deliverymen, traffic cops and lonely beauties.","released":{"$date":"2009-01-20T00:00:00Z"},"runtime":99,"title":"Silver Medallist","tomatoes":{"lastUpdated":{"$date":"2015-07-20T18:28:42Z"},"viewer":{"meter":75,"numReviews":277,"rating":3.9}},"type":"movie","writers":["Siwei Cui","Hao Ning","Yao Wang"],"year":2009}]
