[{"_id":{"$oid":"573a13baf29313caabd506e4"},"awards":{"nominations":67,"text":"Nominated for 1 Oscar. Another 32 wins & 67 nominations.","wins":33},"cast":["Robert Downey Jr.","Chris Evans","Mark Ruffalo","Chris Hemsworth"],"countries":["USA"],"directors":["Joss Whedon"],"fullplot":"Nick Fury is director of S.H.I.E.L.D, an international peace keeping agency. The agency is a who's who of Marvel Super Heroes, with Iron Man, The Incredible Hulk, Thor, Captain America, Hawkeye and Black Widow. When global security is threatened by Loki and his cohorts, Nick Fury and his team will need all their powers to save the world from disaster.","genres":["Action","Adventure","Sci-Fi"],"id":1,"imdb":{"id":848228,"rating":8.1,"votes":877226},"languages":["English","Russian"],"lastupdated":"2015-09-10 17:10:29.990000000","metacritic":69,"num_mflix_comments":117,"plot":"Earth's mightiest heroes must come together and learn to fight as a team if they are to stop the mischievous Loki and his alien army from enslaving humanity.","poster":"https://m.media-amazon.com/images/M/MV5BNDYxNjQyMjAtNTdiOS00NGYwLWFmNTAtNThmYjU5ZGI2YTI1XkEyXkFqcGdeQXVyMTMxODk2OTU@._V1_SY1000_SX677_AL_.jpg","rated":"PG-13","released":{"$date":"2012-05-04T00:00:00Z"},"runtime":143,"title":"The Avengers","tomatoes":{"boxOffice":"$623.3M","consensus":"Thanks to a script that ephasizes its heroes' humanity and a wealth of superpowered set pieces, The Avengers lives up to its hype and raises the bar for Marvel at the movies.","critic":{"meter":92,"numReviews":315,"rating":8.0},"dvd":{"$date":"2012-09-25T00:00:00Z"},"fresh":289,"lastUpdated":{"$date":"2015-09-12T17:31:32Z"},"production":"Walt Disney Pictures","rotten":26,"viewer":{"meter":91,"numReviews":1124021,"rating":4.4},"website":"http://marvel.com/avengers_movie"},"type":"movie","writers":["Joss Whedon (screenplay)","Zak Penn (story)","Joss Whedon (story)"],"year":2012}]
