[{"_id":{"$oid":"573a13bbf29313caabd52d59"},"awards":{"nominations":4,"text":"7 wins & 4 nominations.","wins":7},"cast":["Outi Mèenpèè","Ria Kataja","Martti Suosalo","Ville Virtanen"],"countries":["Finland","Germany"],"directors":["Petri Kotwica"],"fullplot":"Saara is a middle-aged doctor who one day finds out that her architect-husband Leo is having an affair with a younger woman, Tuuli. Instead of revealing her true identity, Saara pretends to be someone else and makes friends with Tuuli. At the same time she is planning the best way to revenge her husband and his lover.","genres":["Drama","Thriller"],"id":167,"imdb":{"id":890883,"rating":6.8,"votes":2195},"languages":["Finnish","English"],"lastupdated":"2015-08-31 00:34:41.390000000","num_mflix_comments":0,"plot":"Saara is a middle-aged doctor who one day finds out that her architect-husband Leo is having an affair with a younger woman, Tuuli. Instead of revealing her true identity, Saara pretends to...","poster":"https://m.media-amazon.com/images/M/MV5BNGNiNTlmMWEtNjUxYy00YTUyLThkMWYtNzkyNTQ3MTM2YWJlXkEyXkFqcGdeQXVyMjI0MjMwMzQ@._V1_SY1000_SX677_AL_.jpg","released":{"$date":"2007-10-19T00:00:00Z"},"runtime":110,"title":"Black Ice","tomatoes":{"lastUpdated":{"$date":"2015-09-10T18:28:39Z"},"viewer":{"meter":68,"numReviews":3302,"rating":3.5},"website":"http://www.mustajaa.fi"},"type":"movie","writers":["Petri Kotwica"],"year":2007}]
