[{"_id":{"$oid":"573a13baf29313caabd507ec"},"awards":{"nominations":1,"text":"1 nomination.","wins":0},"cast":["Jay Chou","Eric Tsang","Gang Wang","Charlene Choi"],"countries":["China","Hong Kong","Taiwan"],"directors":["Yen-Ping Chu"],"fullplot":"Fang Shijie is found as a baby in the garbage and raised at a martial arts academy. With the help of a man, he gets into college and is promoted to the basketball championship as he searches for his real parents.","genres":["Comedy","Sport"],"id":5,"imdb":{"id":848538,"rating":4.8,"votes":2446},"languages":["Cantonese","Mandarin"],"lastupdated":"2015-08-18 01:09:08.187000000","num_mflix_comments":1,"plot":"Fang Shijie is found as a baby in the garbage and raised at a martial arts academy. With the help of a man, he gets into college and is promoted to the basketball championship as he searches for his real parents.","poster":"https://m.media-amazon.com/images/M/MV5BMTU0ODg3Mzc1Ml5BMl5BanBnXkFtZTgwMzQ3NjI2MDE@._V1_SY1000_SX677_AL_.jpg","released":{"$date":"2008-02-07T00:00:00Z"},"runtime":100,"title":"Kung Fu Dunk","tomatoes":{"dvd":{"$date":"2011-05-03T00:00:00Z"},"lastUpdated":{"$date":"2015-08-22T19:15:37Z"},"production":"Gravitas","viewer":{"meter":40,"numReviews":4873,"rating":3.1}},"type":"movie","writers":["Takehiko Inoue (comic)","Yen-Ping Chu","Chiu-Wing Lam","You-Chen Wang"],"year":2008}]
