[{"_id":{"$oid":"573a13baf29313caabd52392"},"awards":{"nominations":2,"text":"1 win & 2 nominations.","wins":1},"countries":["Netherlands"],"directors":["Jiska Rickels"],"fullplot":"4 Elements shows in a poetic way the battle of humanity with the four primal elements. Four places on earth where companionship and mutual trust are still of vital importance.","genres":["Documentary"],"id":114,"imdb":{"id":879220,"rating":7.5,"votes":188},"languages":["English","German","Kazakh","Russian"],"lastupdated":"2014-09-23 00:29:38.447000000","num_mflix_comments":2,"plot":"4 Elements shows in a poetic way the battle of humanity with the four primal elements. Four places on earth where companionship and mutual trust are still of vital importance.","poster":"https://m.media-amazon.com/images/M/MV5BMTIyNTcyODM4OV5BMl5BanBnXkFtZTcwODM5NjA0MQ@@._V1_SY1000_SX677_AL_.jpg","released":{"$date":"2006-11-30T00:00:00Z"},"runtime":89,"title":"4 Elements","tomatoes":{"lastUpdated":{"$date":"2015-01-05T21:39:35Z"},"production":"A-Film Distribution","viewer":{"meter":88,"numReviews":125,"rating":4.2}},"type":"movie","writers":["Jiska Rickels"],"year":2006}]
