[{"_id":{"$oid":"573a13baf29313caabd50fb6"},"awards":{"nominations":1,"text":"1 nomination.","wins":0},"cast":["Mel Raido","Colin Salmon","Shaun Parkes","Scot Williams"],"countries":["UK"],"directors":["Neil Thompson"],"fullplot":"Danny - a lonely factory worker, intimidated by life - is battered and humiliated in front of his kids in a random act of violence. His already bleak existence sinks further into the abyss. On the verge of total breakdown he decides to fight back. He meets a group of night-club doormen who take him in and give him the confidence to stand his ground. As he is drawn deeper into their world he becomes embroiled with the local gangland boss, setting in motion a chain of events with shockingly brutal consequences.","genres":["Crime","Drama"],"id":36,"imdb":{"id":856778,"rating":6.9,"votes":3113},"languages":["English"],"lastupdated":"2015-09-06 00:49:28.400000000","num_mflix_comments":0,"plot":"An underworld drama set in the early 1980s, about a lonely factory worker whose life is transformed when he becomes a nightclub doorman.","poster":"https://m.media-amazon.com/images/M/MV5BMTMxODY2NDEyNl5BMl5BanBnXkFtZTcwNDQxOTQ5MQ@@._V1_SY1000_SX677_AL_.jpg","released":{"$date":"2009-01-16T00:00:00Z"},"runtime":95,"title":"Clubbed","tomatoes":{"consensus":"Below-average British geezer-crime flick with poor performances, direction and writing throughout.","critic":{"meter":27,"numReviews":11,"rating":3.4},"dvd":{"$date":"2011-01-18T00:00:00Z"},"fresh":3,"lastUpdated":{"$date":"2015-08-26T18:12:27Z"},"production":"Formosa Films","rotten":8,"viewer":{"meter":63,"numReviews":2085,"rating":3.5},"website":"http://www.clubbedthemovie.com/"},"type":"movie","writers":["Geoff Thompson"],"year":2008}]
