[{"_id":{"$oid":"573a13baf29313caabd50ac3"},"awards":{"nominations":5,"text":"7 wins & 5 nominations.","wins":7},"cast":["Pyotr Mamonov","Viktor Sukhorukov","Dmitriy Dyuzhev","Yuriy Kuznetsov"],"countries":["Russia"],"directors":["Pavel Lungin"],"fullplot":"Somewhere in Northern Russia in a small Russian Orthodox monastery lives an unusual man whose bizarre conduct confuses his fellow monks, while others who visit the island believe that the man has the power to heal, exorcise demons and foretell the future.","genres":["Drama"],"id":18,"imdb":{"id":851577,"rating":8.0,"votes":7442},"languages":["Russian","German"],"lastupdated":"2015-09-15 03:59:08.160000000","num_mflix_comments":0,"plot":"Somewhere in Northern Russia in a small Russian Orthodox monastery lives an unusual man whose bizarre conduct confuses his fellow monks, while others who visit the island believe that the man has the power to heal, exorcise demons and foretell the future.","poster":"https://m.media-amazon.com/images/M/MV5BMTk1MzA0NjEyMF5BMl5BanBnXkFtZTgwNDAwMDY0MDE@._V1_SY1000_SX677_AL_.jpg","released":{"$date":"2006-11-23T00:00:00Z"},"runtime":112,"title":"The Island","tomatoes":{"critic":{"meter":63,"numReviews":19,"rating":5.8},"dvd":{"$date":"2008-03-04T00:00:00Z"},"fresh":12,"lastUpdated":{"$date":"2015-09-12T17:12:44Z"},"production":"Film Movement","rotten":7,"viewer":{"meter":81,"numReviews":2431,"rating":4.0},"website":"http://www.ostrov-film.ru/"},"type":"movie","writers":["Dmitry Sobolev"],"year":2006}]
