[{"_id":{"$oid":"573a13baf29313caabd51088"},"awards":{"nominations":29,"text":"28 wins & 29 nominations.","wins":28},"cast":["Michel Joelsas","Germano Haiut","Paulo Autran","Simone Spoladore"],"countries":["Brazil"],"directors":["Cao Hamburger"],"fullplot":"In 1970, near the World Cup, Daniel Stern and his wife Miriam leaves Belo Horizonte in a hurry and scared with their ten years old son Mauro in their Volkswagen. While traveling to Sèo Paulo, the couple explains Mauro that they will travel on vacation and will leave Mauro with his grandfather Mètel. Daniel promises to return before the first game of the Brazilian National Soccer Team in the Cup. The boy is left in Bom Retiro, a Jewish and Italian neighborhood, and waits for Mètel in front of his apartment. When the next door neighbor Shlomo arrives, he tells the boy that Mètel had just had a heart attack and died. Alone and without knowing where his parents are, the boy is lodged by Shlomo and the Jewish community. Through the young neighbor Hanna, Mauro makes new friends, cheers for the Brazilian team and sees the movement of the police and militaries on the streets while waiting for his parents.","genres":["Drama"],"id":41,"imdb":{"id":857355,"rating":7.4,"votes":4579},"languages":["Portuguese","Yiddish","Hebrew"],"lastupdated":"2015-09-02 00:41:29.070000000","metacritic":67,"num_mflix_comments":1,"plot":"A boy is left alone in a Jewish neighborhood in the year of 1970, where both world cup and dictatorship happen in Brazil.","poster":"https://m.media-amazon.com/images/M/MV5BMjAyNTUyNTg2OV5BMl5BanBnXkFtZTcwODQ2OTc1MQ@@._V1_SY1000_SX677_AL_.jpg","rated":"PG","released":{"$date":"2006-11-02T00:00:00Z"},"runtime":110,"title":"The Year My Parents Went on Vacation","tomatoes":{"consensus":"Hamburger deftly refracts the sociopolitical tumult of early '70s Brazil through the lens of a young boy's coming of age, and Joelsas' performance is wise beyond his years.","critic":{"meter":83,"numReviews":53,"rating":7.0},"dvd":{"$date":"2008-02-15T00:00:00Z"},"fresh":44,"lastUpdated":{"$date":"2015-07-26T18:14:06Z"},"production":"City Lights Pictures","rotten":9,"viewer":{"meter":83,"numReviews":3292,"rating":3.9},"website":"http://www.theyearmovie.com/"},"type":"movie","writers":["Adriana Falcèo (script collaborator)","Claudio Galperin","Cao Hamburger","Brèulio Mantovani","Anna Muylaert"],"year":2006}]
