[{"_id":{"$oid":"573a13baf29313caabd50dbb"},"awards":{"nominations":4,"text":"2 wins & 4 nominations.","wins":2},"cast":["Kang-sheng Lee","Shiang-chyi Chen","Norman Atun","Pearlly Chua"],"countries":["Malaysia","China","Taiwan","France","Austria"],"directors":["Ming-liang Tsai"],"fullplot":"Forest fires burn in Sumatra; a smoke covers Kuala Lumpur. Grifters beat an immigrant day laborer and leave him on the streets. Rawang, a young man, finds him, carries him home, cares for him, and sleeps next to him. In a loft above lives a waitress. She sometimes provides care and attention. More violence seems a constant possibility. They find another man abandoned on the street, paralyzed. They carry him. While no one speaks to each other, sounds dominate: coughing, cooking, coupling, opening bags; music and news reports on a radio, the rattle and buzz of a restaurant. It's dark in the city at night. We see down hallways, through doors, down alleys. Who sleeps with whom?","genres":["Comedy","Drama"],"id":28,"imdb":{"id":855824,"rating":7.0,"votes":1404},"languages":["Min Nan","Malay","Mandarin","Bengali"],"lastupdated":"2015-08-13 00:06:05.363000000","metacritic":78,"num_mflix_comments":0,"plot":"Forest fires burn in Sumatra; a smoke covers Kuala Lumpur. Grifters beat an immigrant day laborer and leave him on the streets. Rawang, a young man, finds him, carries him home, cares for ...","poster":"https://m.media-amazon.com/images/M/MV5BMTg4MjI5MTc2OF5BMl5BanBnXkFtZTcwMDUyNTY1Mw@@._V1_SY1000_SX677_AL_.jpg","released":{"$date":"2007-03-23T00:00:00Z"},"runtime":115,"title":"I Don't Want to Sleep Alone","tomatoes":{"consensus":"With little dialogue, Tsai Ming-liang takes the viewer through a powerful journey of loneliness and longing.","critic":{"meter":89,"numReviews":38,"rating":7.2},"dvd":{"$date":"2007-11-06T00:00:00Z"},"fresh":34,"lastUpdated":{"$date":"2015-08-08T18:37:06Z"},"production":"Strand Releasing","rotten":4,"viewer":{"meter":74,"numReviews":3043,"rating":3.6}},"type":"movie","writers":["Ming-liang Tsai"],"year":2006}]
