[{"_id":{"$oid":"573a13baf29313caabd5202b"},"awards":{"nominations":1,"text":"10 wins & 1 nomination.","wins":10},"cast":["Vildan Atasever","Ufuk Bayraktar","Engin Akyèrek","Mège Ulusoy"],"countries":["Turkey","Greece"],"directors":["Zeki Demirkubuz"],"fullplot":"Bekir is in love with Ugur, who loves Zagor who loves to commit crimes.","genres":["Drama"],"id":104,"imdb":{"id":875595,"rating":8.0,"votes":5908},"languages":["Turkish"],"lastupdated":"2015-08-28 00:08:26.720000000","num_mflix_comments":2,"plot":"Bekir is in love with Ugur, who loves Zagor who loves to commit crimes.","poster":"https://m.media-amazon.com/images/M/MV5BNjUzMDE4ODEzM15BMl5BanBnXkFtZTgwMDU0MTA2MDE@._V1_SY1000_SX677_AL_.jpg","released":{"$date":"2006-11-17T00:00:00Z"},"runtime":103,"title":"Destiny","tomatoes":{"lastUpdated":{"$date":"2015-08-11T19:13:37Z"},"viewer":{"meter":95,"numReviews":1904,"rating":4.3}},"type":"movie","writers":["Zeki Demirkubuz"],"year":2006}]
