[{"_id":{"$oid":"573a13bbf29313caabd52d3f"},"awards":{"nominations":0,"text":"1 win.","wins":1},"cast":["Dalton Trumbo","Joan Allen","Brian Dennehy","Michael Douglas"],"countries":["USA"],"directors":["Peter Askin"],"fullplot":"Through a focus on the life of Dalton Trumbo (1905-1976), this film examines the effects on individuals and families of a congressional pursuit of Hollywood Communists after World War II. Trumbo was one of several writers, directors, and actors who invoked the First Amendment in refusing to answer questions under oath. They were blacklisted and imprisoned. We follow Trumbo to prison, to exile in Mexico with his family, to poverty, to the public shunning of his children, to his writing under others' names, and to an eventual but incomplete vindication. Actors read his letters; his children and friends remember and comment. Archive photos, newsreels and interviews add texture.","genres":["Documentary","Biography"],"id":163,"imdb":{"id":889671,"rating":7.5,"votes":701},"languages":["English"],"lastupdated":"2015-08-13 00:21:27.897000000","metacritic":71,"num_mflix_comments":0,"plot":"Through a focus on the life of Dalton Trumbo (1905-1976), this film examines the effects on individuals and families of a congressional pursuit of Hollywood Communists after World War II. ...","poster":"https://m.media-amazon.com/images/M/MV5BMjA2MTQxMDAxMV5BMl5BanBnXkFtZTcwMjAxMDQ3MQ@@._V1_SY1000_SX677_AL_.jpg","rated":"PG-13","released":{"$date":"2008-06-27T00:00:00Z"},"runtime":96,"title":"Trumbo","tomatoes":{"boxOffice":"$28.1k","consensus":"Trumbo celebrates the life and work of blacklisted screenwriter Dalton Trumbo with measures of humor and sadness.","critic":{"meter":82,"numReviews":55,"rating":6.8},"dvd":{"$date":"2009-09-15T00:00:00Z"},"fresh":45,"lastUpdated":{"$date":"2015-08-18T18:39:45Z"},"production":"Samuel Goldwyn Films","rotten":10,"viewer":{"meter":77,"numReviews":35886,"rating":2.6}},"type":"movie","writers":["Christopher Trumbo (play)","Christopher Trumbo (screenplay)"],"year":2007}]
