[{"_id":{"$oid":"573a13baf29313caabd5144e"},"awards":{"nominations":0,"text":"1 win.","wins":1},"countries":["Soviet Union"],"directors":["Leonid Gayday"],"genres":["Short"],"id":54,"imdb":{"id":862766,"rating":8.0,"votes":196},"languages":["Russian"],"lastupdated":"2014-06-13 08:08:39.760000000","num_mflix_comments":0,"released":{"$date":{"$numberLong":"-144720000000"}},"title":"Obsession","tomatoes":{"lastUpdated":{"$date":"2015-08-17T19:19:19Z"},"viewer":{"numReviews":12,"rating":3.0}},"type":"movie","year":1965}]
