[{"_id":{"$oid":"573a13bbf29313caabd52e41"},"awards":{"nominations":2,"text":"2 nominations.","wins":0},"cast":["Robert Redford","Meryl Streep","Tom Cruise","Michael Peèa"],"countries":["USA"],"directors":["Robert Redford"],"fullplot":"Three stories told simultaneous in ninety minutes of real time: a Republican Senator who's a presidential hopeful gives an hour-long interview to a skeptical television reporter, detailing a strategy for victory in Afghanistan; two special forces ambushed on an Afghani ridge await rescue as Taliban forces close in; a poli-sci professor at a California college invites a promising student to re-engage. Decisions press upon the reporter, the student, and the soldiers.","genres":["Drama","Thriller","War"],"id":169,"imdb":{"id":891527,"rating":6.2,"votes":39464},"languages":["English"],"lastupdated":"2015-09-01 00:23:27.537000000","metacritic":47,"num_mflix_comments":0,"plot":"Injuries sustained by two Army rangers behind enemy lines in Afghanistan set off a sequence of events involving a congressman, a journalist and a professor.","poster":"https://m.media-amazon.com/images/M/MV5BMTcyMzc0MzYyM15BMl5BanBnXkFtZTcwMTM2NDk0NA@@._V1_SY1000_SX677_AL_.jpg","rated":"R","released":{"$date":"2007-11-09T00:00:00Z"},"runtime":92,"title":"Lions for Lambs","tomatoes":{"boxOffice":"$15.0M","consensus":"Despite its powerhouse cast, Lions for Lambs feels like a disjointed series of lectures, rather than a sharp narrative, and ends up falling flat.","critic":{"meter":27,"numReviews":180,"rating":4.8},"dvd":{"$date":"2008-04-08T00:00:00Z"},"fresh":48,"lastUpdated":{"$date":"2015-09-17T17:29:42Z"},"production":"MGM","rotten":132,"viewer":{"meter":47,"numReviews":210384,"rating":3.1},"website":"http://lionsforlambs.unitedartists.com/"},"type":"movie","writers":["Matthew Michael Carnahan"],"year":2007}]
