[{"_id":{"$oid":"573a13bbf29313caabd52a04"},"awards":{"nominations":3,"text":"4 wins & 3 nominations.","wins":4},"cast":["Farhan Akhtar","Konkona Sen Sharma","Rishi Kapoor","Dimple Kapadia"],"countries":["India"],"directors":["Zoya Akhtar"],"fullplot":"Refusing the accept the same fate as her sisters, Tara and Meghna, and get married to a boy from the same Caste, Kanpur-based Sona Mishra alienates herself from her accountant father, and re-locates to Mumbai in order to act in movies. She meets with Satish Chaudhary who offers to assist her in getting a lead role. Years later, all he could manage was bit parts, leaving her frustrated but hopeful. She meets with another struggling actor, Vikram Jaisingh, and both become fairly intimate. When a lead role with Satish does not materialize, and his wife, Pinky, becomes suspicious, she decides to depart. Disappointment and shock also await Vikram when he is candidly told by his friend, Abhimanyu Gupta, that he has no talent and must consider returning back in Delhi to assist his businessman father. It does look like the end of the road for both Sona and Vikram - leaving the question open whether they will continue with their relationship &/or return to their respective homes.","genres":["Drama"],"id":149,"imdb":{"id":886539,"rating":7.1,"votes":6629},"languages":["Hindi","English"],"lastupdated":"2015-09-06 01:02:51.773000000","metacritic":58,"num_mflix_comments":1,"plot":"When Vikram gets tapped to play the male lead in a Bollywood film, he can't believe his luck. But it may ruin his relationship with his girlfriend.","poster":"https://m.media-amazon.com/images/M/MV5BMTY4NjIxNDc3Nl5BMl5BanBnXkFtZTcwNDc4NTk5Mw@@._V1_SY1000_SX677_AL_.jpg","released":{"$date":"2009-01-30T00:00:00Z"},"runtime":156,"title":"Luck by Chance","tomatoes":{"boxOffice":"$0.3M","critic":{"meter":70,"numReviews":10,"rating":6.4},"dvd":{"$date":"2009-03-17T00:00:00Z"},"fresh":7,"lastUpdated":{"$date":"2015-09-15T17:48:01Z"},"production":"Adlabs Films","rotten":3,"viewer":{"meter":66,"numReviews":7171,"rating":3.4},"website":"http://www.excelmovies.com/app/webroot/microsite/lbc/"},"type":"movie","writers":["Zoya Akhtar (story)","Javed Akhtar (dialogue)"],"year":2009}]
