[{"_id":{"$oid":"573a13baf29313caabd520cf"},"awards":{"nominations":1,"text":"1 nomination.","wins":0},"cast":["Wes Bentley","Winona Ryder","Ray Romano","Gina Hecht"],"countries":["USA"],"directors":["Geoffrey Haley"],"fullplot":"Evan keeps to himself, almost without affect. He's 30, a former foster child, living alone, writing suicide notes for people. He attends a client's funeral and meets Charlotte, the client's sister. She pursues Evan; he's silent about his real work and invents a friendship with the brother. About the same time, Evan starts working with Abel, a new client, a composer of phone-waiting music who's depressed. Evan confides in Abel about Charlotte as she begins to draw him out. Crises await the self-contained Evan: his relationship with Charlotte is based on a lie, and his incipient friendship with Abel is headed toward suicide. Are more dead ends ahead?","genres":["Drama","Romance"],"id":106,"imdb":{"id":876233,"rating":6.4,"votes":2582},"languages":["English"],"lastupdated":"2015-09-14 07:21:17.377000000","num_mflix_comments":0,"plot":"A man (Bentley) who makes his living composing other people's suicide notes enters into a romance with the sister (Ryder) of a recent client.","poster":"https://m.media-amazon.com/images/M/MV5BMTQwNjA4MTM2OF5BMl5BanBnXkFtZTcwMTQ1NjczMg@@._V1_SY1000_SX677_AL_.jpg","rated":"R","released":{"$date":"2008-01-19T00:00:00Z"},"runtime":90,"title":"The Last Word","tomatoes":{"critic":{"meter":40,"numReviews":5,"rating":4.5},"dvd":{"$date":"2009-04-21T00:00:00Z"},"fresh":2,"lastUpdated":{"$date":"2015-08-21T19:33:46Z"},"production":"Image Entertainment","rotten":3,"viewer":{"meter":48,"numReviews":1656,"rating":3.1}},"type":"movie","writers":["Geoffrey Haley"],"year":2008}]
