[{"_id":{"$oid":"573a13bbf29313caabd525f9"},"awards":{"nominations":3,"text":"1 win & 3 nominations.","wins":1},"cast":["Paul Argaud","Germaine Challaye","Marcel Challaye","Jacques Chirac"],"countries":["France"],"directors":["Raymond Depardon"],"fullplot":"This the last part of Depardon's triptych \"Profils paysans\" about what it is like to be a farmer today in an isolated highland area. \"La vie moderne\" examines what has become of the persons he has followed for ten years while featuring younger people who try to farm or raise cattle or poultry, come hell or high water.","genres":["Documentary"],"id":123,"imdb":{"id":881310,"rating":7.6,"votes":450},"languages":["French"],"lastupdated":"2015-05-27 00:32:02.550000000","num_mflix_comments":0,"plot":"A look at several generations of farmers and several farmer families in contemporary France.","poster":"https://m.media-amazon.com/images/M/MV5BMTc1ODcxOTEzNl5BMl5BanBnXkFtZTgwMTQ4NzkwMzE@._V1_SY1000_SX677_AL_.jpg","released":{"$date":"2008-10-29T00:00:00Z"},"runtime":88,"title":"Modern Life","tomatoes":{"critic":{"meter":100,"numReviews":17,"rating":6.9},"dvd":{"$date":"2014-08-04T00:00:00Z"},"fresh":17,"lastUpdated":{"$date":"2015-09-16T18:29:31Z"},"production":"FunFilm","rotten":0,"viewer":{"meter":73,"numReviews":293,"rating":3.8},"website":"http://www.advitamdistribution.com/fiche.php?film_id=88"},"type":"movie","year":2008}]
