[{"_id":{"$oid":"573a13bbf29313caabd5283b"},"awards":{"nominations":10,"text":"6 wins & 10 nominations.","wins":6},"cast":["Thomas Jane","Marcia Gay Harden","Laurie Holden","Andre Braugher"],"countries":["USA"],"directors":["Frank Darabont"],"fullplot":"Everyone thinks of it as a harmless lightning storm. When Dave Drayton notices a strange mist on the lake, he thinks nothing of it. When he, his son, Billy Drayton, and his neighbor Brent Norton travel to the supermarket, the unthinkable happens. On their way to the market, they see the army, firefighters, and the police heading toward the mist. When he sees this Brent mentions something about \"Project Arrowhead\", a secret military project that no one knows about. As they are shopping, they see three soldiers walk in, pick up a few things, then head toward the mist. All eighty of the store's shoppers have no clue what is going on until an old man runs in the market with a bloody nose and declares \"Something in the mist!\" He tells them to close the door. About five seconds after they close the door, the entire store shakes, as though it has been lifted several feet above the ground. When David is asked to check on the generator, he finds the loading dock door being pushed on by something outside. Then Dave hears a groan. He asks three people to come with him. When Norm the bag-boy volunteers to go out, he is dragged away by a creature with large squid-like tentacles that have mouths, teeth, and arms. After Dave and the other three fight off the tentacles, they warn everyone in the store what is out there. Upon hearing this, Mrs. Carmody exclaims that it is the End Time and that God is punishing them. People don't believe it, but finally Mrs. Carmody has almost everyone in the store on her side. Does 'Project Arrowhead' have anything to do with this? Will Dave Drayton, his son, and his friends make it out alive as they make a last stand against this destruction? Or will they be taken by the demon-like creatures of 'The Mist'?","genres":["Horror","Sci-Fi","Thriller"],"id":140,"imdb":{"id":884328,"rating":7.2,"votes":201737},"languages":["English"],"lastupdated":"2015-09-04 00:17:38.977000000","metacritic":58,"num_mflix_comments":1,"plot":"A freak storm unleashes a species of blood-thirsty creatures on a small town, where a small band of citizens hole up in a supermarket and fight for their lives.","poster":"https://m.media-amazon.com/images/M/MV5BMTU2NjQyNDY1Ml5BMl5BanBnXkFtZTcwMTk1MDU1MQ@@._V1_SY1000_SX677_AL_.jpg","rated":"R","released":{"$date":"2007-11-21T00:00:00Z"},"runtime":126,"title":"The Mist","tomatoes":{"boxOffice":"$25.5M","consensus":"Frank Darabont's impressive camerawork and politically incisive script make The Mist a truly frightening experience.","critic":{"meter":73,"numReviews":140,"rating":6.6},"dvd":{"$date":"2008-03-18T00:00:00Z"},"fresh":102,"lastUpdated":{"$date":"2015-09-12T18:03:15Z"},"production":"The Weinstein Company","rotten":38,"viewer":{"meter":65,"numReviews":196738,"rating":3.3},"website":"http://www.themist-movie.com/"},"type":"movie","writers":["Frank Darabont (screenplay)","Stephen King (novel)"],"year":2007}]
