[{"_id":{"$oid":"573a13baf29313caabd51c79"},"awards":{"nominations":0,"text":"3 wins.","wins":3},"cast":["Omid Abtahi","Heather McComb","Ron Canada","Frank Zieger"],"countries":["USA"],"directors":["Sarab Neelam"],"fullplot":"As a Sikh man with a full beard and turban, AMRIT SINGH is often the target of racial profiling. But when he sees his dreams of becoming Chief of Surgery at a state-of-the-art transplant center dwindle because of his appearance, Amrit goes against a tradition he's maintained his whole life and cuts his hair. Hiding this decision from his girlfriend and family in Toronto is only the start of a series of compromises Amrit finds himself making as he deals with hospital politics and health care injustices. When his compromises result in the death of a patient, Amrit begins to reexamine the value of the religious traditions he'd turned his back on.","genres":["Drama"],"id":85,"imdb":{"id":871438,"rating":7.0,"votes":269},"languages":["English"],"lastupdated":"2015-09-06 00:35:07.870000000","num_mflix_comments":0,"plot":"As a Sikh man with a full beard and turban, AMRIT SINGH is often the target of racial profiling. But when he sees his dreams of becoming Chief of Surgery at a state-of-the-art transplant ...","poster":"https://m.media-amazon.com/images/M/MV5BMTQ2ODYwNjUwMF5BMl5BanBnXkFtZTcwOTc5OTc0Mg@@._V1_SY1000_SX677_AL_.jpg","rated":"PG-13","released":{"$date":"2011-06-17T00:00:00Z"},"runtime":97,"title":"Ocean of Pearls","tomatoes":{"critic":{"meter":38,"numReviews":8,"rating":5.5},"fresh":3,"lastUpdated":{"$date":"2015-09-15T18:47:10Z"},"production":"Light Post Pictures","rotten":5,"viewer":{"meter":74,"numReviews":107,"rating":4.0},"website":"http://www.oceanofpearls.com/"},"type":"movie","writers":["Sarab Neelam (story)","V. Prasad (story)"],"year":2008}]
