[{"_id":{"$oid":"573a13baf29313caabd51dd4"},"awards":{"nominations":1,"text":"2 wins & 1 nomination.","wins":2},"cast":["Malik Bader","Wesley Walker","Frank Zieger","Beers Bill"],"countries":["USA"],"directors":["Malik Bader"],"fullplot":"The movie follows the life of Chicago burglar Kaspar Karr. Kaspar cases and robs stores. He counts up his score and a small interview follows where Kaspar introduces himself. He shows his expertise in social engineering, stalking, and intelligence gathering and discusses his careful, meticulous planning cycles.","genres":["Crime","Thriller"],"id":90,"imdb":{"id":872224,"rating":7.3,"votes":1672},"languages":["English","Spanish"],"lastupdated":"2015-08-07 00:34:55.320000000","num_mflix_comments":1,"plot":"The movie follows the life of Chicago burglar Kaspar Karr. Kaspar cases and robs stores. He counts up his score and a small interview follows where Kaspar introduces himself. He shows his ...","poster":"https://m.media-amazon.com/images/M/MV5BMTc2ODk2ODU1MV5BMl5BanBnXkFtZTcwMTY5NTI1MQ@@._V1_SY1000_SX677_AL_.jpg","released":{"$date":"2007-06-21T00:00:00Z"},"runtime":86,"title":"Street Thief","tomatoes":{"dvd":{"$date":"2007-09-25T00:00:00Z"},"lastUpdated":{"$date":"2015-08-06T18:01:42Z"},"viewer":{"meter":78,"numReviews":821,"rating":3.8}},"type":"movie","year":2006}]
