[{"_id":{"$oid":"573a13baf29313caabd50a89"},"awards":{"nominations":1,"text":"1 nomination.","wins":0},"cast":["Alfred Molina","Hope Davis","Shane West","Donal Logue"],"countries":["USA"],"directors":["David Ondaatje"],"fullplot":"The tale of a serial killer in West Hollywood has two converging plot lines. The first involves an uneasy relationship between a psychologically unstable landlady and her enigmatic lodger; the second is about a troubled detective engaged in a cat-and-mouse game with the elusive killer, who is imitating the crimes of Jack the Ripper.","genres":["Crime","Drama","Horror"],"id":16,"imdb":{"id":851530,"rating":5.8,"votes":3816},"languages":["English"],"lastupdated":"2015-09-16 08:23:06.070000000","metacritic":17,"num_mflix_comments":0,"plot":"A couple rents out a room to a mysterious young man, who may or may not be guilty of a series of grisly neighborhood murders.","poster":"https://m.media-amazon.com/images/M/MV5BMjA3NDMwNzgxM15BMl5BanBnXkFtZTcwNTY1MzUyMg@@._V1_SY1000_SX677_AL_.jpg","rated":"R","released":{"$date":"2009-01-14T00:00:00Z"},"runtime":95,"title":"The Lodger","tomatoes":{"consensus":"An accomplished cast can't save a derivative suspense flick that manages to confuse and bore rather than thrill.","critic":{"meter":21,"numReviews":24,"rating":3.6},"dvd":{"$date":"2009-02-10T00:00:00Z"},"fresh":5,"lastUpdated":{"$date":"2015-08-26T18:10:41Z"},"production":"Samuel Goldwyn Films/IDP","rotten":19,"viewer":{"meter":30,"numReviews":6604,"rating":2.9},"website":"http://www.sonypictures.com/movies/thelodger/gallery/"},"type":"movie","writers":["David Ondaatje (screenplay)","Marie Belloc Lowndes (book)"],"year":2009}]
