[{"_id":{"$oid":"573a13baf29313caabd512e1"},"awards":{"nominations":2,"text":"1 win & 2 nominations.","wins":1},"cast":["Kotono Mitsuishi","Megumi Ogata","Megumi Hayashibara","Yèko Miyamura"],"countries":["Japan"],"directors":["Masayuki","Kazuya Tsurumaki","Hideaki Anno"],"fullplot":"Under constant attack by Angels, NERV introduces two new pilots: the mysterious Makinami Mari Illustrous and the intense Asuka Langley Shikinami. Parallel to the incursion, Gendo Ikari and SEELE proceed the secret project that involves both Rei and Shinji.","genres":["Animation","Action","Drama"],"id":50,"imdb":{"id":860906,"rating":8.1,"votes":9697},"languages":["Japanese","German"],"lastupdated":"2015-09-07 00:18:49.480000000","num_mflix_comments":0,"plot":"Under constant attack by Angels, NERV introduces two new pilots: the mysterious Makinami Mari Illustrous and the intense Asuka Langley Shikinami. Parallel to the incursion, Gendo Ikari and ...","poster":"https://m.media-amazon.com/images/M/MV5BMTc1NTk5OTQwOV5BMl5BanBnXkFtZTgwMzg4MjU2MzE@._V1_SY1000_SX677_AL_.jpg","rated":"TV-14","released":{"$date":"2009-06-27T00:00:00Z"},"runtime":112,"title":"Evangelion: 2.0 You Can (Not) Advance","tomatoes":{"critic":{"meter":75,"numReviews":8,"rating":6.1},"dvd":{"$date":"2011-03-29T00:00:00Z"},"fresh":6,"lastUpdated":{"$date":"2015-09-10T17:15:23Z"},"production":"Eleven Arts","rotten":2,"viewer":{"meter":90,"numReviews":2983,"rating":4.3},"website":"http://www.funimation.com/evangelion"},"type":"movie","writers":["Hideaki Anno (screenplay)"],"year":2009}]
