[{"_id":{"$oid":"573a13baf29313caabd5112d"},"awards":{"nominations":3,"text":"3 nominations.","wins":0},"cast":["Kelly Sheridan","Catherine O'Hara","Nicole Oliver","Jennifer Copping"],"countries":["USA"],"directors":["Greg Richardson"],"fullplot":"King Randolph sends for his cousin Duchess Rowena to help turn his daughters, Princess Genevieve and her 11 sisters, into better ladies. But the Duchess takes away all the sisters fun, including the sisters favorite pastime: dancing. Thinking all hope is lost they find a secret passageway to a magical land were they can dance the night away. But what happens when their father suddenly turns ill? Will they be able to save him in time?","genres":["Animation","Family"],"id":45,"imdb":{"id":859594,"rating":6.4,"votes":1475},"languages":["English"],"lastupdated":"2015-08-12 00:20:15.783000000","num_mflix_comments":1,"plot":"King Randolph sends for his cousin Duchess Rowena to help turn his daughters, Princess Genevieve and her 11 sisters, into better ladies. But the Duchess takes away all the sisters fun, ...","poster":"https://m.media-amazon.com/images/M/MV5BMTQ0MzU5NjU3NF5BMl5BanBnXkFtZTgwNzkzMTA2MDE@._V1_SY1000_SX677_AL_.jpg","released":{"$date":"2006-09-19T00:00:00Z"},"runtime":83,"title":"Barbie in the 12 Dancing Princesses","tomatoes":{"dvd":{"$date":"2006-09-19T00:00:00Z"},"lastUpdated":{"$date":"2015-09-01T18:04:38Z"},"production":"Universal Studios","viewer":{"meter":74,"numReviews":3362,"rating":3.8}},"type":"movie","writers":["Elana Lesser","Cliff Ruby"],"year":2006}]
