[{"_id":{"$oid":"573a13baf29313caabd517c1"},"awards":{"nominations":4,"text":"4 nominations.","wins":0},"cast":["Jet Li","Michael Angarano","Jackie Chan","Juana Collignon"],"countries":["USA","China"],"directors":["Rob Minkoff"],"fullplot":"An American teenager who is obsessed with Hong Kong cinema and kung-fu classics makes an extraordinary discovery in a Chinatown pawnshop: the legendary stick weapon of the Chinese sage and warrior, the Monkey King. With the lost relic in hand, the teenager unexpectedly finds himself traveling back to ancient China to join a crew of warriors from martial arts lore on a dangerous quest to free the imprisoned Monkey King.","genres":["Action","Adventure","Fantasy"],"id":67,"imdb":{"id":865556,"rating":6.6,"votes":83526},"languages":["English","Mandarin"],"lastupdated":"2015-09-15 05:02:25.797000000","metacritic":57,"num_mflix_comments":0,"plot":"A discovery made by a kung fu obsessed American teen sends him on an adventure to China, where he joins up with a band of martial arts warriors in order to free the imprisoned Monkey King.","poster":"https://m.media-amazon.com/images/M/MV5BMTUwNTExMTg3NF5BMl5BanBnXkFtZTcwNDYyMTM2MQ@@._V1_SY1000_SX677_AL_.jpg","rated":"PG-13","released":{"$date":"2008-04-18T00:00:00Z"},"runtime":104,"title":"The Forbidden Kingdom","tomatoes":{"boxOffice":"$51.9M","consensus":"This hotly-anticipated pairing of martial arts legends Jackie Chan and Jet Li features dazzling fight scenes but is weighed down by too much filler.","critic":{"meter":64,"numReviews":126,"rating":6.1},"dvd":{"$date":"2008-09-09T00:00:00Z"},"fresh":81,"lastUpdated":{"$date":"2015-09-13T17:45:43Z"},"production":"Lionsgate","rotten":45,"viewer":{"meter":60,"numReviews":326376,"rating":3.5},"website":"http://www.forbiddenkingdommovie.com/"},"type":"movie","writers":["John Fusco"],"year":2008}]
