[{"_id":{"$oid":"573a13baf29313caabd50c05"},"awards":{"nominations":1,"text":"6 wins & 1 nomination.","wins":6},"cast":["Hend Ayoub","Becky Ann Baker","Brian Boland","Michael Reilly Burke"],"countries":["UK"],"directors":["Gabriel Range"],"fullplot":"Years after the assassination of President George W. Bush in Chicago, an investigative documentary examines that as-yet-unsolved crime.","genres":["Crime","Drama","Mystery"],"id":22,"imdb":{"id":853096,"rating":6.4,"votes":6476},"languages":["English","Arabic"],"lastupdated":"2015-09-04 07:48:10.890000000","metacritic":49,"num_mflix_comments":0,"plot":"Years after the assassination of President George W. Bush in Chicago, an investigative documentary examines that as-yet-unsolved crime.","poster":"https://m.media-amazon.com/images/M/MV5BOTE3MDE2MjYxMF5BMl5BanBnXkFtZTcwODYxODgzMQ@@._V1_SY1000_SX677_AL_.jpg","rated":"R","released":{"$date":"2006-10-27T00:00:00Z"},"runtime":97,"title":"Death of a President","tomatoes":{"boxOffice":"$0.2M","consensus":"In this unconvincing fictional documentary, the tense 30 minutes that lead into the title event is outweighed by the boring, melodramatic hour preceding it.","critic":{"meter":37,"numReviews":100,"rating":5.4},"dvd":{"$date":"2007-04-03T00:00:00Z"},"fresh":37,"lastUpdated":{"$date":"2015-09-11T18:11:06Z"},"production":"Newmarket Films","rotten":63,"viewer":{"meter":58,"numReviews":12234,"rating":3.2},"website":"http://www.deathofapresident.com"},"type":"movie","writers":["Gabriel Range","Simon Finch"],"year":2006}]
