[{"_id":{"$oid":"573a13baf29313caabd5182f"},"awards":{"nominations":1,"text":"1 win & 1 nomination.","wins":1},"cast":["Patrick Dempsey","Michelle Monaghan","Kevin McKidd","Kadeem Hardison"],"countries":["USA","UK"],"directors":["Paul Weiland"],"fullplot":"Made of Honor revolves around Tom and Hannah, who have been platonic friends for 10 years. He's a serial dater, while she wants marriage but hasn't found Mr. Right. Just as Tom is starting to think that he is relationship material after all, Hannah gets engaged. When she asks Tom to be her \"maid\" of honor, he reluctantly agrees just so he can attempt to stop the wedding and woo her.","genres":["Comedy","Romance"],"id":69,"imdb":{"id":866439,"rating":5.8,"votes":50358},"languages":["English"],"lastupdated":"2015-09-11 00:36:31.943000000","metacritic":37,"num_mflix_comments":0,"plot":"A guy in love with an engaged woman tries to win her over after she asks him to be her maid of honor.","poster":"https://m.media-amazon.com/images/M/MV5BMTk1MzA5MjEzMF5BMl5BanBnXkFtZTcwNTk0MjU1MQ@@._V1_SY1000_SX677_AL_.jpg","rated":"PG-13","released":{"$date":"2008-05-02T00:00:00Z"},"runtime":101,"title":"Made of Honor","tomatoes":{"boxOffice":"$46.0M","consensus":"Sharp performances by Patrick Dempsey and Michelle Monaghan can't save this forgettable, formulaic chick flick from its comic failings.","critic":{"meter":14,"numReviews":115,"rating":4.0},"dvd":{"$date":"2008-09-16T00:00:00Z"},"fresh":16,"lastUpdated":{"$date":"2015-09-13T17:38:48Z"},"production":"Sony Pictures/Columbia","rotten":99,"viewer":{"meter":55,"numReviews":399204,"rating":3.3},"website":"http://www.sonypictures.com/movies/madeofhonor/"},"type":"movie","writers":["Adam Sztykiel (screenplay)","Deborah Kaplan (screenplay)","Harry Elfont (screenplay)","Adam Sztykiel (story)"],"year":2008}]
