[{"_id":{"$oid":"573a13bbf29313caabd52703"},"awards":{"nominations":1,"text":"1 nomination.","wins":0},"cast":["Dwayne Johnson","Barry Pepper","Jon Bernthal","Susan Sarandon"],"countries":["USA","United Arab Emirates"],"directors":["Ric Roman Waugh"],"fullplot":"Construction company owner John Matthews learns that his estranged son, Jason, has been arrested for drug trafficking. Facing an unjust prison sentence for a first time offender courtesy of mandatory minimum sentence laws, Jason has nothing to offer for leniency in good conscience. Desperately, John convinces the DEA and the opportunistic DA Joanne Keeghan to let him go undercover to help make arrests big enough to free his son in return. With the unwitting help of an ex-con employee, John enters the narcotics underworld where every move could be his last in an operation that will demand all his resources, wits and courage to survive.","genres":["Action","Drama","Thriller"],"id":134,"imdb":{"id":882977,"rating":6.5,"votes":59951},"languages":["English","Spanish"],"lastupdated":"2015-09-12 00:31:38","metacritic":51,"num_mflix_comments":0,"plot":"A father goes undercover for the DEA in order to free his son who was imprisoned after being set up in drug deal.","poster":"https://m.media-amazon.com/images/M/MV5BNTM4MTYzNjA3Nl5BMl5BanBnXkFtZTcwMzcyNDA5OA@@._V1_SY1000_SX677_AL_.jpg","rated":"PG-13","released":{"$date":"2013-02-22T00:00:00Z"},"runtime":112,"title":"Snitch","tomatoes":{"boxOffice":"$42.9M","consensus":"Though it features one of Dwayne Johnson's more thoughtful performances, the presentation of Snitch's underlying message is muddled by lackluster storytelling and some tonal inconsistencies.","critic":{"meter":56,"numReviews":140,"rating":5.6},"dvd":{"$date":"2013-06-11T00:00:00Z"},"fresh":79,"lastUpdated":{"$date":"2015-09-13T17:03:02Z"},"production":"Lionsgate/Summit Entertainment","rotten":61,"viewer":{"meter":61,"numReviews":63190,"rating":3.6},"website":"http://www.snitch-movie.com"},"type":"movie","writers":["Justin Haythe","Ric Roman Waugh"],"year":2013}]
