[{"_id":{"$oid":"573a13bbf29313caabd52d2c"},"awards":{"nominations":1,"text":"1 win & 1 nomination.","wins":1},"cast":["Dominique Pinon","Fanny Ardant","Audrey Dana","Michèle Bernier"],"countries":["France"],"directors":["Claude Lelouch"],"fullplot":"The successful novelist Judith Ralitzer is interrogated in the police station about the disappearance of her ghost-writer. A serial-killer escapes from a prison in Paris. A missing school teacher leaves his wife and children. In the road, the annoying and stressed hairdresser Hughette is left in a gas station by her fiancè Paul while driving to the poor farm of her family in the country. A mysterious man offers a ride to her and she invites him to assume the identity of Paul during 24 hours to not disappoint her mother. Who might be the unknown man and what is real and what is fiction?","genres":["Drama"],"id":162,"imdb":{"id":889652,"rating":7.2,"votes":1939},"languages":["French"],"lastupdated":"2015-09-01 00:01:55.193000000","metacritic":71,"num_mflix_comments":0,"plot":"A popular novelist researches unlikely sources to find characters for her next bestseller.","poster":"https://m.media-amazon.com/images/M/MV5BMTc0OTMzMTA4MF5BMl5BanBnXkFtZTcwMzIwMTA2MQ@@._V1_SY1000_SX677_AL_.jpg","rated":"R","released":{"$date":"2008-05-23T00:00:00Z"},"runtime":103,"title":"Roman de gare","tomatoes":{"boxOffice":"$1.7M","consensus":"Claude Lelouch has crafted an engaging thriller about murder and romance with plenty of stylistic panache.","critic":{"meter":88,"numReviews":74,"rating":7.1},"dvd":{"$date":"2009-03-01T00:00:00Z"},"fresh":65,"lastUpdated":{"$date":"2015-09-12T17:25:19Z"},"production":"Samuel Goldwyn Films","rotten":9,"viewer":{"meter":76,"numReviews":2717,"rating":3.7},"website":"http://www.lesfilms13.com/romandegare/"},"type":"movie","writers":["Claude Lelouch (original scenario)","Pierre Uytterhoeven (adaptation)","Claude Lelouch (adaptation)"],"year":2007}]
