[{"_id":{"$oid":"573a13baf29313caabd52016"},"awards":{"nominations":2,"text":"Won 1 Oscar. Another 5 wins & 2 nominations.","wins":6},"countries":["UK","Poland","Norway","Mexico"],"directors":["Suzie Templeton"],"fullplot":"An animated retelling set to Prokofiev's suite. Peter is a slight lad, solitary, locked out of the woods by his protective grandfather, his only friend a duck. In town, he's bullied. When a wolf menaces the duck - as well as grandfather's fat cat and an ill-flying bird that Peter has befriended - Peter bravely tries to tree the wolf. Grandfather, the townspeople, and the hunters who have antagonized Peter figure in the dènouement.","genres":["Animation","Short","Family"],"id":102,"imdb":{"id":863136,"rating":7.7,"votes":3109},"lastupdated":"2015-09-04 09:15:32.903000000","num_mflix_comments":0,"plot":"An animated retelling set to Prokofiev's suite. Peter is a slight lad, solitary, locked out of the woods by his protective grandfather, his only friend a duck. In town, he's bullied. When a...","poster":"https://m.media-amazon.com/images/M/MV5BMjg4ODEyYzUtM2EyOC00MWI4LWE4YTItOWExMmRlNmM2YjMxXkEyXkFqcGdeQXVyNDUxNjc5NjY@._V1_SY1000_SX677_AL_.jpg","released":{"$date":"2008-02-15T00:00:00Z"},"runtime":32,"title":"Peter & the Wolf","tomatoes":{"dvd":{"$date":"2008-12-09T00:00:00Z"},"lastUpdated":{"$date":"2015-08-14T18:44:35Z"},"production":"BreakThru Films","viewer":{"meter":89,"numReviews":1573,"rating":4.0}},"type":"movie","writers":["Suzie Templeton (adaptation)","Marianela Maldonado","Sergei Prokofiev (libretto)"],"year":2006}]
