[{"_id":{"$oid":"573a13bbf29313caabd52df5"},"awards":{"nominations":3,"text":"1 win & 3 nominations.","wins":1},"cast":["Rainie Yang","Isabella Leong","Kris Shen","Jay Shih"],"countries":["Taiwan"],"directors":["Zero Chou"],"fullplot":"When Jade, a web-cam girl visits Takeko's tattoo studio she becomes entranced with the image of the spider lily and with Takeko as well. In order to get closer to the object of her desire, Jade asks Takeko to give her the same lily tattoo, challenging Takeko's monastic existence and opening up memories which threaten to tear the two women apart.","genres":["Drama","Romance"],"id":168,"imdb":{"id":891457,"rating":6.3,"votes":1569},"languages":["Mandarin"],"lastupdated":"2015-08-29 00:12:05.703000000","num_mflix_comments":1,"plot":"When Jade, a web-cam girl visits Takeko's tattoo studio she becomes entranced with the image of the spider lily and with Takeko as well. In order to get closer to the object of her desire, ...","poster":"https://m.media-amazon.com/images/M/MV5BMjA1NjI4OTQ2MF5BMl5BanBnXkFtZTcwMjEyNzkzMg@@._V1_SY1000_SX677_AL_.jpg","released":{"$date":"2007-03-30T00:00:00Z"},"runtime":94,"title":"Spider Lilies","tomatoes":{"lastUpdated":{"$date":"2015-09-15T17:18:46Z"},"viewer":{"meter":52,"numReviews":572,"rating":3.4}},"type":"movie","writers":["Singing Chen"],"year":2007}]
