[{"_id":{"$oid":"573a13bbf29313caabd5297c"},"awards":{"nominations":5,"text":"2 wins & 5 nominations.","wins":2},"cast":["Bryant Chang","Hsiao-chuan Chang","Kate Yeung"],"countries":["Taiwan"],"directors":["Leste Chen"],"genres":["Drama","Romance"],"id":147,"imdb":{"id":885520,"rating":7.3,"votes":1618},"languages":["Mandarin"],"lastupdated":"2015-08-20 00:00:58.127000000","num_mflix_comments":1,"plot":"Three high school students experience the perks and pitfalls of love in director Leste Chen's sensitive tale of friendship and yearning. As a child living in a seaside town in southern ...","poster":"https://m.media-amazon.com/images/M/MV5BMTcxNjgxMTk3Nl5BMl5BanBnXkFtZTcwNDM3NTM1MQ@@._V1_SY1000_SX677_AL_.jpg","released":{"$date":"2006-10-13T00:00:00Z"},"runtime":95,"title":"Eternal Summer","tomatoes":{"dvd":{"$date":"2007-11-06T00:00:00Z"},"lastUpdated":{"$date":"2015-08-13T18:35:06Z"},"viewer":{"meter":80,"numReviews":3485,"rating":3.9}},"type":"movie","writers":["Cheng-Ping Hsu","Chi-yao Wang (novel)"],"year":2006}]
