[{"_id":{"$oid":"573a13baf29313caabd51641"},"awards":{"nominations":16,"text":"1 win & 16 nominations.","wins":1},"cast":["Ty Burrell","Max Charles","Lauri Fraser","Guillaume Aretos"],"countries":["USA"],"directors":["Rob Minkoff"],"fullplot":"Mr. Peabody is a business titan, inventor, scientist, gourmand, two-time Olympic medalist and genius...who also happens to be a dog. Using his most ingenious invention, the WABAC machine, Mr. Peabody and his adopted boy Sherman hurtle back in time to experience world-changing events first-hand and interact with some of the greatest characters of all time. But when Sherman breaks the rules of time travel, our two heroes find themselves in a race to repair history and save the future, while Mr. Peabody may face his biggest challenge yet - being a parent.","genres":["Animation","Adventure","Comedy"],"id":63,"imdb":{"id":864835,"rating":6.9,"votes":42427},"languages":["Spanish","English"],"lastupdated":"2015-09-15 03:21:36.600000000","metacritic":59,"num_mflix_comments":0,"plot":"The time-travelling adventures of an advanced canine and his adopted son, as they endeavor to fix a time rift they created.","poster":"https://m.media-amazon.com/images/M/MV5BMTkxMzM0NzcwN15BMl5BanBnXkFtZTgwNzk1MjMzMTE@._V1_SY1000_SX677_AL_.jpg","rated":"PG","released":{"$date":"2014-03-07T00:00:00Z"},"runtime":92,"title":"Mr. Peabody & Sherman","tomatoes":{"boxOffice":"$111.5M","consensus":"Mr. Peabody & Sherman offers a surprisingly entertaining burst of colorful all-ages fun, despite its dated source material and rather convoluted plot.","critic":{"meter":79,"numReviews":120,"rating":6.6},"dvd":{"$date":"2014-10-14T00:00:00Z"},"fresh":95,"lastUpdated":{"$date":"2015-09-15T17:07:40Z"},"production":"20th Century Fox","rotten":25,"viewer":{"meter":73,"numReviews":71943,"rating":3.8},"website":"http://www.mrpeabodyandsherman.com"},"type":"movie","writers":["Jay Ward (based on the series produced by)","Craig Wright (screenplay)","Robert Ben Garant (additional dialogue)","Thomas Lennon (additional dialogue)","Ted Key (based upon the characters and format created by: \"Sherman and Peabody\")","Michael McCullers (additional screenplay material)"],"year":2014}]
