[{"_id":{"$oid":"573a13baf29313caabd508d7"},"awards":{"nominations":1,"text":"1 win & 1 nomination.","wins":1},"cast":["Al Thompson","Kareem Savinon","Anny Mariano","Rayniel Rufino"],"countries":["USA"],"directors":["Ilya Chaiken"],"fullplot":"In Ilya Chaikin's LIBERTY KID, childhood friends Derrick (Al Thompson) and Tico (Kareem Saviñon) occupy a high school dropout limbo operating a concession stand at the foot of the Statue of Liberty. Tico's ambitions reach no further than collecting the next paycheck or pretty girl's phone number, while Derrick has his eyes on a different prize. But when the World Trade Center terrorist attack plunges their lives, their community, and their country into chaos, Derrick's vision of a college-educated future goes up in smoke in the first of many incidences of personal collateral damage both he and Tico must endure.","genres":["Drama"],"id":11,"imdb":{"id":850307,"rating":6.7,"votes":151},"languages":["English"],"lastupdated":"2015-08-29 00:32:56.187000000","num_mflix_comments":0,"plot":"Two friends a concession stand at the foot of the Statue of Liberty. After the World Trade Center terrorist attack, each of their dreams go up in smoke and yet they must endure the effect the attacks has on their lives.","poster":"https://m.media-amazon.com/images/M/MV5BMTM3MjM4MDAyMF5BMl5BanBnXkFtZTcwMjE0NjYwMg@@._V1_SY1000_SX677_AL_.jpg","released":{"$date":"2008-01-09T00:00:00Z"},"runtime":92,"title":"Liberty Kid","tomatoes":{"critic":{"meter":87,"numReviews":15,"rating":7.1},"dvd":{"$date":"2008-11-11T00:00:00Z"},"fresh":13,"lastUpdated":{"$date":"2015-09-15T18:37:04Z"},"rotten":2,"viewer":{"meter":69,"numReviews":133,"rating":4.0},"website":"http://www.libertykidmovie.com"},"type":"movie","writers":["Ilya Chaiken"],"year":2007}]
