[{"_id":{"$oid":"573a13bbf29313caabd52af9"},"awards":{"nominations":11,"text":"3 wins & 11 nominations.","wins":3},"cast":["Alex Fisher","Peter Clayton-Luce","Scott Speedman","Liv Tyler"],"countries":["USA"],"directors":["Bryan Bertino"],"fullplot":"After returning from a wedding reception, a couple staying in an isolated vacation house receive a knock on the door in the mid-hours of the night. What ensues is a violent invasion by three strangers, their faces hidden behind masks. The couple find themselves in a violent struggle, in which they go beyond what either of them thought capable in order to survive.","genres":["Horror","Mystery","Thriller"],"id":151,"imdb":{"id":482606,"rating":6.2,"votes":85660},"languages":["English"],"lastupdated":"2015-09-04 10:07:10.187000000","metacritic":47,"num_mflix_comments":0,"plot":"A young couple staying in an isolated vacation home are terrorized by three unknown assailants.","poster":"https://m.media-amazon.com/images/M/MV5BMTkxODAyODMwNV5BMl5BanBnXkFtZTcwNzk5Nzk2MQ@@._V1_SY1000_SX677_AL_.jpg","rated":"R","released":{"$date":"2008-05-30T00:00:00Z"},"runtime":86,"title":"The Strangers","tomatoes":{"boxOffice":"$52.5M","consensus":"The Strangers provides a few scares, but offers little else to distinguish itself from other slasher films.","critic":{"meter":45,"numReviews":151,"rating":5.0},"dvd":{"$date":"2008-10-21T00:00:00Z"},"fresh":68,"lastUpdated":{"$date":"2015-09-15T17:59:06Z"},"production":"Universal Pictures","rotten":83,"viewer":{"meter":47,"numReviews":310369,"rating":3.1},"website":"http://www.thestrangers.net/"},"type":"movie","writers":["Bryan Bertino"],"year":2008}]
