[{"_id":{"$oid":"573a13baf29313caabd50815"},"awards":{"nominations":8,"text":"21 wins & 8 nominations.","wins":21},"cast":["Thiago da Silva Mariz","Wallison Felipe Leal Barroso","Maria Juliana Souza de Oliveira","Brenda Luana Rodrigues Lima"],"countries":["Brazil","France"],"directors":["Sandra Kogut"],"fullplot":"Thiago lives with his family on an isolated farm in the arid backlands of Minas Gerais, Brazil. As the story unfolds and Thiago is forced to confront separations and betrayal within the home, Thiago begins, little by little, to see and understand a place that he had never been able to before, thus slowly letting go of his innocence.","genres":["Drama"],"id":8,"imdb":{"id":848596,"rating":7.1,"votes":398},"languages":["Portuguese"],"lastupdated":"2015-09-02 00:41:17.647000000","num_mflix_comments":0,"plot":"Thiago lives with his family on an isolated farm in the arid backlands of Minas Gerais, Brazil. As the story unfolds and Thiago is forced to confront separations and betrayal within the ...","poster":"https://m.media-amazon.com/images/M/MV5BMTg4MzM2MjQ1NV5BMl5BanBnXkFtZTgwOTA3MDY3MDE@._V1_SY1000_SX677_AL_.jpg","released":{"$date":"2007-11-15T00:00:00Z"},"runtime":95,"title":"Mutum","tomatoes":{"lastUpdated":{"$date":"2015-08-19T18:27:12Z"},"production":"TF1 International","viewer":{"meter":71,"numReviews":284,"rating":3.7}},"type":"movie","writers":["Ana Luiza Martins Costa","J. Guimarèes Rosa (novel)","Sandra Kogut"],"year":2007}]
