[{"_id":{"$oid":"573a13bbf29313caabd52894"},"awards":{"nominations":1,"text":"1 nomination.","wins":0},"cast":["Kyèko Kishida","Kazuko Yoshiyuki","Ayu Kitaura","Sayuri Fujii"],"countries":["Japan"],"directors":["Mai Tominaga"],"genres":["Animation","Comedy","Fantasy"],"id":144,"imdb":{"id":884819,"rating":6.5,"votes":183},"languages":["Japanese"],"lastupdated":"2015-08-10 00:24:22.550000000","num_mflix_comments":0,"plot":"A drama of two aging women who live a solitary life collecting discarded items from a nearby town. One day they return home to find a young girl knitting a red sweater in their house...","poster":"https://m.media-amazon.com/images/M/MV5BMTgxODYzMDg5NF5BMl5BanBnXkFtZTcwMjk1MDE4MQ@@._V1_SY1000_SX677_AL_.jpg","released":{"$date":"2007-09-12T00:00:00Z"},"runtime":100,"title":"Wool 100%","tomatoes":{"critic":{"meter":100,"numReviews":5,"rating":7.5},"dvd":{"$date":"2007-12-04T00:00:00Z"},"fresh":5,"lastUpdated":{"$date":"2015-05-06T18:50:26Z"},"production":"Cinema Epoch","rotten":0,"viewer":{"meter":76,"numReviews":378,"rating":3.9},"website":"http://www.klockworx.com/wool"},"type":"movie","writers":["Mai Tominaga (screenplay)"],"year":2006}]
