[{"_id":{"$oid":"573a13baf29313caabd510a8"},"awards":{"nominations":1,"text":"2 wins & 1 nomination.","wins":2},"cast":["Andy Whitfield","Dwaine Stevenson","Samantha Noble","Michael Piccirilli"],"countries":["Australia"],"directors":["Shane Abbess"],"fullplot":"GABRIEL tells the story of an archangel who fights to bring light back to purgatory - a place where darkness rules - and save the souls of the city's inhabitants.","genres":["Action","Fantasy","Horror"],"id":42,"imdb":{"id":857376,"rating":5.7,"votes":11802},"languages":["English"],"lastupdated":"2015-08-19 00:07:11.860000000","num_mflix_comments":0,"plot":"GABRIEL tells the story of an archangel who fights to bring light back to purgatory - a place where darkness rules - and save the souls of the city's inhabitants.","poster":"https://m.media-amazon.com/images/M/MV5BMTIyNzQ4ODg5NV5BMl5BanBnXkFtZTcwNTAzMTU1MQ@@._V1_SY1000_SX677_AL_.jpg","released":{"$date":"2007-11-15T00:00:00Z"},"runtime":114,"title":"Gabriel","tomatoes":{"dvd":{"$date":"2008-02-19T00:00:00Z"},"lastUpdated":{"$date":"2015-09-13T17:13:43Z"},"production":"Sony Pictures Home Entertainment","viewer":{"meter":40,"numReviews":6426,"rating":3.0},"website":"http://www.gabrielmovie.com"},"type":"movie","writers":["Matt Hylton Todd (story)","Shane Abbess (story)","Matt Hylton Todd (screenplay)","Shane Abbess (screenplay)"],"year":2007}]
