[{"_id":{"$oid":"573a13baf29313caabd523fe"},"awards":{"nominations":11,"text":"Nominated for 1 Oscar. Another 14 wins & 11 nominations.","wins":15},"cast":["Andrzej Chyra","Maja Ostaszewska","Artur Zmijewski","Danuta Stenka"],"countries":["Poland"],"directors":["Andrzej Wajda"],"fullplot":"On 17 September 1939, a group of Polish officers and soldiers are imprisoned by the Soviet Army on the border of Poland. Anna and her daughter Nika travel from Krakow to meet her husband and officer Andrzej and they try to convince him to leave the soldiers and escape back home. However, Andrzej refuses to leave the troop and is deported to USSR. Later the Soviet tells that the Polish officers had been massacred by the Germans in the Katyn Forest with a shot on the back of the neck. However Anna retrieves Andrzej's diary and discloses that the soldiers had been actually murdered by the Soviet Army.","genres":["Drama","History","War"],"id":115,"imdb":{"id":879843,"rating":7.0,"votes":11791},"languages":["Polish","Russian","German"],"lastupdated":"2015-09-01 00:23:23.397000000","metacritic":81,"num_mflix_comments":0,"plot":"An examination of the Soviet slaughter of thousands of Polish officers and citizens in the Katyn forest in 1940.","poster":"https://m.media-amazon.com/images/M/MV5BMjk3ODEzNzIwMl5BMl5BanBnXkFtZTcwMzM5Mjc1MQ@@._V1_SY1000_SX677_AL_.jpg","released":{"$date":"2007-09-21T00:00:00Z"},"runtime":121,"title":"Katyn","tomatoes":{"consensus":"Masterfully crafted by an experienced directorial hand, Katyn is a powerful, personal depiction of wartime tragedy.","critic":{"meter":94,"numReviews":64,"rating":7.4},"dvd":{"$date":"2009-08-11T00:00:00Z"},"fresh":60,"lastUpdated":{"$date":"2015-08-23T18:06:49Z"},"production":"Artificial Eye","rotten":4,"viewer":{"meter":74,"numReviews":5332,"rating":3.7},"website":"http://www.postmortem.netino.pl/"},"type":"movie","writers":["Andrzej Mularczyk (story)","Przemyslaw Nowakowski (screenplay)","Wladyslaw Pasikowski (screenplay)","Andrzej Wajda (screenplay)"],"year":2007}]
