[{"_id":{"$oid":"573a13baf29313caabd5247e"},"awards":{"nominations":7,"text":"3 wins & 7 nominations.","wins":3},"cast":["Olga Arntgolts","Aleksey Chadov","Andrey Chadov","Vladimir Epifantsev"],"countries":["Russia"],"directors":["Aleksandr Veledinskiy"],"fullplot":"Kir returns home from the war in Chechnya, missing a leg, but still alive. Kir had enlisted to earn enough money to marry Tatyana. But, now that he has returned, he feels distant from her, and all that he had known. Kir is still haunted by his experiences in Chechnya, and the tragic deaths there of his two friends, fellow soldiers Nikich and Igor. Unable to adjust to civilian life, Kir begins to get into trouble. He impulsively commits a robbery, then a more horrible crime. After a traffic accident on a lonely stretch of road, the ghosts of his two fallen comrades begin to appear to him. Can Nikich and Igor reach out from the grave to help their friend Kir come to terms with his past and find forgiveness in his heart for himself and others?","genres":["Drama","Fantasy","Mystery"],"id":119,"imdb":{"id":880504,"rating":6.5,"votes":463},"languages":["Russian"],"lastupdated":"2015-08-04 01:19:27.630000000","num_mflix_comments":0,"plot":"A veteran of the Chechen War is helped by the ghosts of his two fallen comrades to leave the war behind.","released":{"$date":"2006-09-21T00:00:00Z"},"runtime":98,"title":"Alive","tomatoes":{"lastUpdated":{"$date":"2015-03-28T18:12:04Z"},"viewer":{"meter":60,"numReviews":43,"rating":3.1}},"type":"movie","writers":["Igor Porublyov","Aleksandr Veledinskiy"],"year":2006}]
