[{"_id":{"$oid":"573a13bbf29313caabd526e6"},"awards":{"nominations":5,"text":"2 wins & 5 nominations.","wins":2},"cast":["Andy Lau","Sammo Kam-Bo Hung","Maggie Q","Cunxin Pu"],"countries":["China","South Korea","Hong Kong"],"directors":["Daniel Lee"],"fullplot":"His country torn asunder by civil war, Zhao Zilong, a common man heeds the call of duty and from the humblest of roots rises through the ranks on wings of courage and cunning to command an army charged with liberating the land from an evil warlord. Inspiring by action, honor and a dream of unifying his divided nation, Zhao Zilong's heroism becomes legend, but as the years pass and the throne changes hands the war still rages on. When a newly enthroned king decides peace can only be achieved by defeating the warlords once and for all, the aging Zhao Zilong embarks on his final and greatest campaign, a road to adventure that will crown his name in glory for all time.","genres":["Action","Drama","History"],"id":132,"imdb":{"id":882978,"rating":6.2,"votes":4804},"languages":["Mandarin"],"lastupdated":"2015-08-15 00:33:02.253000000","num_mflix_comments":0,"plot":"His country torn asunder by civil war, Zhao Zilong, a common man heeds the call of duty and from the humblest of roots rises through the ranks on wings of courage and cunning to command an ...","poster":"https://m.media-amazon.com/images/M/MV5BNTY5ZDY3NzgtZDkzZi00ZTM5LWE5NzItMTQyZWQ0ZTViZDllXkEyXkFqcGdeQXVyMjQwMDg0Ng@@._V1_SY1000_SX677_AL_.jpg","rated":"R","released":{"$date":"2008-04-03T00:00:00Z"},"runtime":102,"title":"Three Kingdoms: Resurrection of the Dragon","tomatoes":{"dvd":{"$date":"2010-04-13T00:00:00Z"},"lastUpdated":{"$date":"2015-09-01T18:14:57Z"},"production":"Amero PT","viewer":{"meter":45,"numReviews":7888,"rating":3.2}},"type":"movie","writers":["Ho Leung Lau","Daniel Lee","Guanzhong Luo (novel)"],"year":2008}]
