[{"_id":{"$oid":"573a13baf29313caabd51fe1"},"awards":{"nominations":47,"text":"Nominated for 4 Oscars. Another 9 wins & 47 nominations.","wins":13},"cast":["Daniel Day-Lewis","Sandro Dori","Nicole Kidman","Marion Cotillard"],"countries":["USA","Italy"],"directors":["Rob Marshall"],"fullplot":"Arrogant, self-centered movie director Guido Contini finds himself struggling to find meaning, purpose, and a script for his latest film endeavor. With only a week left before shooting begins, he desperately searches for answers and inspiration from his wife, his mistress, his muse, and his mother. As his chaotic profession steadily destroys his personal life, Guido must find a balance between creating art and succumbing to its obsessive demands.","genres":["Drama","Musical","Romance"],"id":98,"imdb":{"id":875034,"rating":5.9,"votes":35900},"languages":["English","Italian","French"],"lastupdated":"2015-08-20 00:28:21.407000000","metacritic":49,"num_mflix_comments":1,"plot":"Famous film director Guido Contini struggles to find harmony in his professional and personal lives, as he engages in dramatic relationships with his wife, his mistress, his muse, his agent, and his mother.","poster":"https://m.media-amazon.com/images/M/MV5BMTY5ODA2MzQxMl5BMl5BanBnXkFtZTcwMTI4NTEwMw@@._V1_SY1000_SX677_AL_.jpg","rated":"PG-13","released":{"$date":"2009-12-25T00:00:00Z"},"runtime":118,"title":"Nine","tomatoes":{"boxOffice":"$19.6M","consensus":"It has a game, great-looking cast, led by the always worthwhile Daniel Day-Lewis, but Rob Marshall's Nine is chaotic and curiously distant.","critic":{"meter":37,"numReviews":194,"rating":5.1},"dvd":{"$date":"2010-05-04T00:00:00Z"},"fresh":72,"lastUpdated":{"$date":"2015-08-19T18:44:37Z"},"production":"The Weinstein Co.","rotten":122,"viewer":{"meter":37,"numReviews":109315,"rating":2.9},"website":"http://nine-movie.com/"},"type":"movie","writers":["Michael Tolkin (screenplay)","Anthony Minghella (screenplay)","Arthur Kopit (Broadway musical \"Nine\")","Maury Yeston (Broadway musical \"Nine\")","Mario Fratti (Broadway musical \"Nine\" Italian original)"],"year":2009}]
