[{"_id":{"$oid":"573a13baf29313caabd51e76"},"awards":{"nominations":7,"text":"3 wins & 7 nominations.","wins":3},"cast":["Michael Angarano","Deborah Aquila","Nicholas Braun","Ronnie Connell"],"countries":["USA"],"directors":["Kevin Smith"],"fullplot":"The teenager Jarod invites his best friends Travis and Billy-Ray to have a foursome with a thirty-eight year-old woman. While driving to meet the woman, Travis hit a car parked on the road. When they meet the woman, she gives spiked beer to them and they pass out. When the three friends wake up, they find that they are trapped in the fundamentalist Five Points Trinity Church of the infamous Pastor Abin Cooper and that they will be killed. Meanwhile the church is under siege by ATF agents led by Agent Joseph Keenan that have been ordered to destroy the terrorist cell. Will the teenagers be saved by the agents of the law enforcement agency?","genres":["Action","Crime","Horror"],"id":93,"imdb":{"id":873886,"rating":6.2,"votes":49966},"languages":["English"],"lastupdated":"2015-09-07 00:28:59.107000000","metacritic":50,"num_mflix_comments":0,"plot":"Set in Middle America, a group of teens receive an online invitation for sex, though they soon encounter fundamentalists with a much more sinister agenda.","poster":"https://m.media-amazon.com/images/M/MV5BMTQyNjMwMzA1MV5BMl5BanBnXkFtZTcwMzQyNDAxNg@@._V1_SY1000_SX677_AL_.jpg","rated":"R","released":{"$date":"2011-09-30T00:00:00Z"},"runtime":88,"title":"Red State","tomatoes":{"boxOffice":"$1.0M","consensus":"Red State is an audacious and brash affair that ultimately fails to provide competent scares or thrills.","critic":{"meter":58,"numReviews":84,"rating":6.0},"dvd":{"$date":"2011-10-18T00:00:00Z"},"fresh":49,"lastUpdated":{"$date":"2015-09-14T17:43:02Z"},"production":"SModcast Pictures","rotten":35,"viewer":{"meter":54,"numReviews":14949,"rating":3.3},"website":"http://coopersdell.com/"},"type":"movie","writers":["Kevin Smith"],"year":2011}]
