[{"_id":{"$oid":"573a13baf29313caabd5147a"},"awards":{"nominations":21,"text":"11 wins & 21 nominations.","wins":11},"cast":["Maribel Verdè","Blanca Portillo","Jesès Castejèn","Vèctor Valdivia"],"countries":["Spain"],"directors":["Gracia Querejeta"],"fullplot":"Angela and her young son Guille travel to the big city to see Leo, her father and the boy's grandfather, when he suddenly takes ill. However, they arrive to discover that he has just passed away. Charo, the dead man's lover, explains the dire traits suffered by the paternal business: a hall with seven billiard tables. Charo is convinced that the only way to pay off the debts is to sell the place. However, Angela learns that her husband has disappeared in mysterious circumstances. Given this painful reality, Angela resolves to get on and rebuild her life. And the first thing she decides to do is put her savings into getting the old place and its seven tables back up on its feet.","genres":["Drama"],"id":55,"imdb":{"id":862826,"rating":6.6,"votes":429},"languages":["Spanish"],"lastupdated":"2015-09-07 00:55:00.890000000","num_mflix_comments":0,"plot":"Angela and her young son Guille travel to the big city to see Leo, her father and the boy's grandfather, when he suddenly takes ill. However, they arrive to discover that he has just passed...","released":{"$date":"2007-10-05T00:00:00Z"},"runtime":116,"title":"Siete mesas de billar francès","tomatoes":{"lastUpdated":{"$date":"2015-07-25T18:06:40Z"},"viewer":{"meter":51,"numReviews":262,"rating":3.2}},"type":"movie","writers":["David Planell","Gracia Querejeta"],"year":2007}]
