[{"_id":{"$oid":"573a13baf29313caabd51130"},"awards":{"nominations":6,"text":"2 wins & 6 nominations.","wins":2},"cast":["Brendan Fraser","Jet Li","Maria Bello","John Hannah"],"countries":["USA","China","Germany","Canada"],"directors":["Rob Cohen"],"fullplot":"Centuries ago, the evil Emperor Han was cursed by the sorceress Zi Yuan who transformed him and his army into mummies. In 1946, the explorer Rick O'Connell and his wife Evelyn O'Connell are invited by the British government to take a relic, the diamond \"The Eye of Shangri-La\" to China. The ancient stone is capable of resurrecting the Emperor Han and of pointing the way to Shangri-La and the eternal pool of life. When the couple reaches China, they meet their son Alex O'Connell, who has discovered the tomb of Han, and Evelyn's brother Jonathan Carnahan. The O'Connells are betrayed by their friend Prof. Roger Wilson, who is associated with General Yang. Yang wants to serve Emperor Han, so he resurrects the mummy and they head for Shangri-La. The guardian of Han's tomb (and Zi's daughter) Lin tells them that the only ways to destroy Han is to prevent him from reaching Shangri-La or by stabbing his heart with a cursed dagger.","genres":["Action","Adventure","Fantasy"],"id":46,"imdb":{"id":859163,"rating":5.2,"votes":107283},"languages":["English","Mandarin","Sanskrit"],"lastupdated":"2015-09-05 00:41:46.337000000","metacritic":31,"num_mflix_comments":0,"plot":"In the Far East, Alex O'Connell, the son of famed mummy fighters Rick and Evy O'Connell, unearths the mummy of the first Emperor of Qin -- a shape-shifting entity cursed by a witch centuries ago.","poster":"https://m.media-amazon.com/images/M/MV5BMTU4NDIzMDY1OV5BMl5BanBnXkFtZTcwNjQxMzk3MQ@@._V1_SY1000_SX677_AL_.jpg","rated":"PG-13","released":{"$date":"2008-08-01T00:00:00Z"},"runtime":112,"title":"The Mummy: Tomb of the Dragon Emperor","tomatoes":{"boxOffice":"$101.6M","consensus":"With middling CG effects and a distinct lack of fun, The Mummy: Tomb of the Dragon Emperor finds the series past its prime.","critic":{"meter":12,"numReviews":169,"rating":3.7},"dvd":{"$date":"2008-12-16T00:00:00Z"},"fresh":21,"lastUpdated":{"$date":"2015-09-13T17:57:18Z"},"production":"Universal Pictures","rotten":148,"viewer":{"meter":30,"numReviews":339997,"rating":2.9},"website":"http://www.themummy.com/"},"type":"movie","writers":["Alfred Gough","Miles Millar"],"year":2008}]
