[{"_id":{"$oid":"573a13bbf29313caabd5280f"},"awards":{"nominations":8,"text":"8 nominations.","wins":0},"cast":["Andrea Beltrèo","Josè Wilker","Marco Nanini","Bruno Garcia"],"countries":["Brazil"],"directors":["Guel Arraes"],"fullplot":"During a remake of the play Tristan and Isolde, actors Peter and Ana fall in love. While the characters live an idealized love, the interpreters are living a true story, which they try to spice it up with the intensity of the fiction.","genres":["Romance"],"id":137,"imdb":{"id":884177,"rating":6.9,"votes":444},"languages":["Portuguese"],"lastupdated":"2015-08-08 00:38:10.960000000","num_mflix_comments":0,"plot":"During a remake of the play Tristan and Isolde, actors Peter and Ana fall in love. While the characters live an idealized love, the interpreters are living a true story, which they try to spice it up with the intensity of the fiction.","released":{"$date":"2008-11-14T00:00:00Z"},"runtime":105,"title":"Romance","tomatoes":{"lastUpdated":{"$date":"2015-08-21T19:28:13Z"},"viewer":{"numReviews":15,"rating":3.8}},"type":"movie","writers":["Guel Arraes","Jorge Furtado"],"year":2008}]
