[{"_id":{"$oid":"573a13baf29313caabd512ac"},"awards":{"nominations":0,"text":"1 win.","wins":1},"cast":["Ed Harris","Brad Dourif","Ishiah Benben","Kris Butler"],"countries":["USA"],"directors":["Logan Miller","Noah Miller"],"fullplot":"The true story about a father struggling to make amends with his twin sons as they pursue their dreams of professional baseball.","genres":["Drama"],"id":48,"imdb":{"id":860870,"rating":5.8,"votes":567},"languages":["English"],"lastupdated":"2015-08-27 00:41:33.773000000","metacritic":52,"num_mflix_comments":0,"plot":"The true story about a father struggling to make amends with his twin sons as they pursue their dreams of professional baseball.","poster":"https://m.media-amazon.com/images/M/MV5BMzA3NTEwMTY2OF5BMl5BanBnXkFtZTcwNjU3NjAzMw@@._V1_SY1000_SX677_AL_.jpg","rated":"PG-13","released":{"$date":"2010-04-29T00:00:00Z"},"runtime":108,"title":"Touching Home","tomatoes":{"critic":{"meter":50,"numReviews":14,"rating":5.8},"dvd":{"$date":"2010-10-01T00:00:00Z"},"fresh":7,"lastUpdated":{"$date":"2015-08-19T18:26:22Z"},"production":"CFI","rotten":7,"viewer":{"meter":74,"numReviews":367,"rating":3.8},"website":"http://www.touchinghomemovie.com/"},"type":"movie","writers":["Logan Miller (screenplay)","Noah Miller (screenplay)"],"year":2008}]
