[{"_id":{"$oid":"573a13baf29313caabd5102a"},"awards":{"nominations":0,"text":"2 wins.","wins":2},"cast":["Yukari Fukui","Maaya Sakamoto","Miyuki Sawashiro","Mitsuo Iwata"],"countries":["Japan"],"directors":["Kazuya Tsurumaki"],"genres":["Animation","Sci-Fi"],"id":39,"imdb":{"id":856824,"rating":6.9,"votes":219},"languages":["Japanese"],"lastupdated":"2015-09-02 00:49:16.663000000","num_mflix_comments":0,"released":{"$date":"2004-10-03T00:00:00Z"},"runtime":101,"title":"Top wo Nerae 2!","tomatoes":{"dvd":{"$date":"2008-02-28T00:00:00Z"},"lastUpdated":{"$date":"2015-08-11T18:59:30Z"},"viewer":{"meter":15,"numReviews":103,"rating":2.0}},"type":"movie","writers":["Yoji Enokido (screenplay)"],"year":2004}]
