[{"_id":{"$oid":"573a13bbf29313caabd5292f"},"awards":{"nominations":5,"text":"5 wins & 5 nominations.","wins":5},"cast":["Olli Jantunen","Hannu-Pekka Bjèrkman","Vuokko Hovatta","Vesa Vierikko"],"countries":["Finland","Denmark","Germany","Ireland"],"directors":["Michael Hegner","Kari Juusonen"],"fullplot":"A reindeer boy named Niko dreams about flying like his father, whom he has never met. Despite constant mocking from others, he sneaks out of his home valley to take flying lessons from Julius, a flying squirrel.","genres":["Animation","Adventure","Family"],"id":145,"imdb":{"id":885415,"rating":6.2,"votes":2260},"languages":["English","Finnish"],"lastupdated":"2015-08-29 00:02:50.110000000","num_mflix_comments":0,"plot":"A young reindeer who suffers from vertigo learns to overcome his fear, takes flying lessons from a clumsy flying squirrel and heads to the North pole to save a troubled Santa and his fleet of flying reindeer.","poster":"https://m.media-amazon.com/images/M/MV5BNDc1MjA5MTIwN15BMl5BanBnXkFtZTgwNTI4Nzk0MjE@._V1_SY1000_SX677_AL_.jpg","rated":"G","released":{"$date":"2008-10-10T00:00:00Z"},"runtime":80,"title":"The Flight Before Christmas","tomatoes":{"lastUpdated":{"$date":"2015-08-19T19:06:17Z"},"viewer":{"meter":46,"numReviews":391,"rating":3.2},"website":"http://www.nikomovie.com/main.swf"},"type":"movie","writers":["Hannu Tuomainen","Marteinn Thorisson","Mark Hodkinson (additional dialogue)"],"year":2008}]
