[{"_id":{"$oid":"573a13baf29313caabd52474"},"awards":{"nominations":0,"text":"1 win.","wins":1},"cast":["Diane Lane","Billy Burke","Colin Hanks","Joseph Cross"],"countries":["USA"],"directors":["Gregory Hoblit"],"fullplot":"A secret service agent, Jennifer Marsh, gets caught in a very personal and deadly cat-and-mouse game with a serial killer who knows that people (being what they are - both curious and drawn to the dark side of things) will log onto an \"untraceable\" website where he conducts violent and painful murders LIVE on the net. The more people who log on and enter the website, the quicker and more violently the victim dies.","genres":["Crime","Drama","Thriller"],"id":118,"imdb":{"id":880578,"rating":6.2,"votes":39366},"languages":["English"],"lastupdated":"2015-09-07 00:08:35.057000000","metacritic":32,"num_mflix_comments":0,"plot":"FBI agent Jennifer Marsh is tasked with hunting down a seemingly untraceable serial killer who posts live videos of his victims on the Internet. As time runs out, the cat and mouse chase becomes more personal.","poster":"https://m.media-amazon.com/images/M/MV5BMTYyNTcwODYzMF5BMl5BanBnXkFtZTcwNjMwMzU1MQ@@._V1_SY1000_SX677_AL_.jpg","rated":"R","released":{"$date":"2008-01-25T00:00:00Z"},"runtime":101,"title":"Untraceable","tomatoes":{"boxOffice":"$28.7M","consensus":"Despite Diane Lane's earnest effort, Untraceable manages to be nothing more than a run-of-the-mill thriller with a hypocritical message.","critic":{"meter":16,"numReviews":147,"rating":4.2},"dvd":{"$date":"2008-05-13T00:00:00Z"},"fresh":24,"lastUpdated":{"$date":"2015-08-18T18:42:35Z"},"production":"Sony/Screen Gems","rotten":123,"viewer":{"meter":52,"numReviews":224996,"rating":3.3},"website":"http://www.sonypictures.com/movies/untraceable/"},"type":"movie","writers":["Robert Fyvolent (screenplay)","Mark Brinker (screenplay)","Allison Burnett (screenplay)","Robert Fyvolent (story)","Mark Brinker (story)"],"year":2008}]
