[{"_id":{"$oid":"573a13baf29313caabd50858"},"awards":{"nominations":13,"text":"9 wins & 13 nominations.","wins":9},"cast":["Antonio Calloni","Otèvio Augusto","Darlene Glèria","Vera Holtz"],"countries":["Brazil"],"directors":["Rudi Lagemann"],"fullplot":"In 2002, 12-year-old Maria, living in dire poverty with her family, is sold by her fisherman father to prostitute recruiter Seu Tadeu, who takes her to a low-class brothel in the Amazon region. While she suffers innumerable abuses, Maria only thinks of escaping the horrible conditions she's faced with.","genres":["Drama"],"id":9,"imdb":{"id":847154,"rating":7.2,"votes":741},"languages":["Portuguese"],"lastupdated":"2015-09-04 07:36:59.890000000","num_mflix_comments":0,"plot":"In 2002, 12-year-old Maria, living in dire poverty with her family, is sold by her fisherman father to prostitute recruiter Seu Tadeu, who takes her to a low-class brothel in the Amazon ...","released":{"$date":"2006-08-18T00:00:00Z"},"runtime":92,"title":"Angels of the Sun","tomatoes":{"lastUpdated":{"$date":"2015-07-06T20:04:32Z"},"viewer":{"meter":62,"numReviews":229,"rating":3.6}},"type":"movie","writers":["Rudi Lagemann"],"year":2006}]
