[{"_id":{"$oid":"573a13baf29313caabd518f9"},"awards":{"nominations":0,"text":"1 win.","wins":1},"cast":["Barbara Hershey","Joe Mantegna","Diane Venora","James Naughton"],"countries":["USA"],"directors":["Charlie Levi"],"fullplot":"Katherine is a typical teenager. Today's her funeral. The four adults in her life have a lot on their mind - and it's not all about Katherine either. With a frankness that's strikingly disarming as well as frequently self-serving, the grown-ups struggle with being... well... grown-up.","genres":["Drama"],"id":71,"imdb":{"id":867270,"rating":5.8,"votes":32},"languages":["English"],"lastupdated":"2015-09-13 00:10:16.350000000","num_mflix_comments":0,"plot":"Katherine is a typical teenager. Today's her funeral. The four adults in her life have a lot on their mind - and it's not all about Katherine either. With a frankness that's strikingly disarming as well as frequently self-serving, the grown-ups struggle with being... well... grown-up.","poster":"https://m.media-amazon.com/images/M/MV5BMTYxMDk0MzQ0N15BMl5BanBnXkFtZTgwNjA4OTMxNTE@._V1_SY1000_SX677_AL_.jpg","rated":"R","released":{"$date":"2015-04-03T00:00:00Z"},"runtime":90,"title":"Childless","tomatoes":{"dvd":{"$date":"2015-06-29T00:00:00Z"},"lastUpdated":{"$date":"2015-09-15T17:16:08Z"},"production":"Monterey Media","viewer":{"numReviews":53,"rating":0.0},"website":"http://www.montereymedia.com/childless/"},"type":"movie","writers":["Charlie Levi"],"year":2008}]
