[{"_id":{"$oid":"573a13bbf29313caabd526e4"},"awards":{"nominations":3,"text":"7 wins & 3 nominations.","wins":7},"cast":["Leandra Leal","Frank Borges","Luciano Bortoluzzi","Luciana Brites"],"countries":["Brazil"],"directors":["Murilo Salles"],"fullplot":"The story of Camila, a young woman intent on becoming a writer.","genres":["Drama"],"id":131,"imdb":{"id":882820,"rating":6.3,"votes":313},"languages":["Portuguese"],"lastupdated":"2015-08-17 00:44:34.970000000","num_mflix_comments":0,"plot":"The story of Camila, a young woman intent on becoming a writer.","released":{"$date":"2008-07-18T00:00:00Z"},"runtime":120,"title":"Camila Jam","tomatoes":{"lastUpdated":{"$date":"2015-08-26T18:31:12Z"},"viewer":{"meter":50,"numReviews":169,"rating":3.1}},"type":"movie","writers":["Clarah Averbuck (book)","Melanie Dimantas","Murilo Salles","Elena Soarez"],"year":2007}]
