[{"_id":{"$oid":"573a13bbf29313caabd52ce3"},"awards":{"nominations":2,"text":"2 nominations.","wins":0},"cast":["Jason Bateman","Victor Pagan","Jennifer Aniston","Jeff Goldblum"],"countries":["USA"],"directors":["Josh Gordon","Will Speck"],"fullplot":"Kassie (Jennifer Aniston) and Wally (Jason Bateman) are best friends. Being unlucky in love, Kassie has decided to have a child using artificial insemination. Wally doesn't like this idea, but he isn't capable of admitting to himself, let alone to Kassie, that he's in love with her. At Kassie's artificial insemination party, Wally gets very drunk and spies the sperm donor's sample in the bathroom. Wally was way too drunk to know what he did that night, and Kassie has moved away because she doesn't feel that New York City is a place to raise a child. Now 7 years later, Kassie has moved back with her son Sebastian. While she is looking to get Roland (the sperm donor) more involved in their lives, Wally can't help but notice the many striking similarities that he and Sebastian share.","genres":["Comedy","Drama","Romance"],"id":158,"imdb":{"id":889573,"rating":6.1,"votes":72098},"languages":["English"],"lastupdated":"2015-09-05 00:41:57.650000000","metacritic":52,"num_mflix_comments":1,"plot":"Seven years after the fact, a man comes to the realization that he was the sperm donor for his best friend's boy.","poster":"https://m.media-amazon.com/images/M/MV5BODQ5ODc0MjU1N15BMl5BanBnXkFtZTcwMTc3NzcyMw@@._V1_SY1000_SX677_AL_.jpg","rated":"PG-13","released":{"$date":"2010-08-20T00:00:00Z"},"runtime":101,"title":"The Switch","tomatoes":{"boxOffice":"$27.8M","consensus":"The Switch has an interesting premise and a charming cast; unfortunately, it also has a trite script that hews too close to tired rom-com formulas.","critic":{"meter":51,"numReviews":147,"rating":5.4},"dvd":{"$date":"2011-03-15T00:00:00Z"},"fresh":75,"lastUpdated":{"$date":"2015-09-12T17:20:23Z"},"production":"Miramax","rotten":72,"viewer":{"meter":45,"numReviews":78372,"rating":3.1},"website":"http://theswitch-movie.com"},"type":"movie","writers":["Allan Loeb (screenplay)","Jeffrey Eugenides (short story \"Baster\")"],"year":2010}]
