[{"_id":{"$oid":"573a13baf29313caabd50d01"},"awards":{"nominations":3,"text":"Won 1 Oscar. Another 10 wins & 3 nominations.","wins":11},"cast":["Alex Gibney","Brian Keith Allen","Moazzam Begg","Christopher Beiring"],"countries":["USA"],"directors":["Alex Gibney"],"fullplot":"Using the torture and death in 2002 of an innocent Afghan taxi driver as the touchstone, this film examines changes after 9/11 in U.S. policy toward suspects in the war on terror. Soldiers, their attorneys, one released detainee, U.S. Attorney John Yoo, news footage and photos tell a story of abuse at Bagram Air Base, Abu Ghraib, and Guantanamo Bay. From Bush, Cheney, Rumsfeld, and Gonzalez came unwritten orders to use any means necessary. The CIA and soldiers with little training used sleep deprivation, sexual assault, stress positions, waterboarding, dogs and other terror tactics to seek information from detainees. Many speakers lament the loss of American ideals in pursuit of security.","genres":["Documentary","Crime","War"],"id":25,"imdb":{"id":854678,"rating":7.8,"votes":8573},"languages":["English"],"lastupdated":"2015-09-15 05:40:48.073000000","metacritic":82,"num_mflix_comments":1,"plot":"An in-depth look at the torture practices of the United States in Afghanistan, Iraq and Guantanamo Bay, focusing on an innocent taxi driver in Afghanistan who was tortured and killed in 2002.","poster":"https://m.media-amazon.com/images/M/MV5BMTcxNzMxNzA3OF5BMl5BanBnXkFtZTcwODgyMzU1MQ@@._V1_SY1000_SX677_AL_.jpg","rated":"R","released":{"$date":"2009-01-23T00:00:00Z"},"runtime":106,"title":"Taxi to the Dark Side","tomatoes":{"consensus":"Taxi to the Dark Side is an intelligent, powerful look into the dark corners of the War on Terror.","critic":{"meter":100,"numReviews":91,"rating":8.3},"dvd":{"$date":"2008-09-30T00:00:00Z"},"fresh":91,"lastUpdated":{"$date":"2015-09-10T19:15:12Z"},"production":"ThinkFilm","rotten":0,"viewer":{"meter":89,"numReviews":6984,"rating":4.0},"website":"http://www.taxitothedarkside.com/"},"type":"movie","writers":["Alex Gibney"],"year":2007}]
