[{"_id":{"$oid":"573a13baf29313caabd50e51"},"awards":{"nominations":10,"text":"4 wins & 10 nominations.","wins":4},"cast":["Mads Mikkelsen","Stine Stengade","Borivoj Navrètil","Jana Plodkovè"],"countries":["Denmark"],"directors":["Ole Christian Madsen"],"fullplot":"Romantic drama: the story of Christoffer and Maja's trip to the city of Prague - a beautiful, aging city, but also a city choked by a rigid and dated eastern-block mentality. PRAG is the story of a distant, ever-absent father who, even after passing away, traumatizes all who have known him. And PRAG is the story of a marriage on the verge of collapse, in which Christoffer wants one thing and Maja another. A story of an old love, constantly transformed; at once, rooted, fragile, vulnerable, forgotten and rediscovered. A marriage where secrets, one after the other, come bursting out of the closet.","genres":["Drama"],"id":31,"imdb":{"id":855975,"rating":6.8,"votes":2062},"languages":["Danish","English","Czech"],"lastupdated":"2015-08-19 00:22:25.423000000","num_mflix_comments":0,"plot":"Christoffer and Maja's trip to Prague to bring back Chistoffer's deceased father evolves into the story of a break-up. In the wake of the events that follow, secrets gradually emerge which threaten to destroy their marriage.","poster":"https://m.media-amazon.com/images/M/MV5BMTg0OTExMDkyOV5BMl5BanBnXkFtZTcwMzA4OTE0MQ@@._V1_SY1000_SX677_AL_.jpg","released":{"$date":"2006-11-03T00:00:00Z"},"runtime":92,"title":"Prague","tomatoes":{"lastUpdated":{"$date":"2015-08-26T18:55:35Z"},"production":"Trust Film Sales","viewer":{"meter":68,"numReviews":1276,"rating":3.6},"website":"http://www.pragfilmen.dk/"},"type":"movie","writers":["Kim Fupz Aakeson","Ole Christian Madsen"],"year":2006}]
