[{"_id":{"$oid":"573a13baf29313caabd51faa"},"awards":{"nominations":1,"text":"Nominated for 1 Oscar. Another 12 wins & 1 nomination.","wins":13},"cast":["Aleksandr Palamishev","Aleksandra Zhivova","Evgeniya Kryukova","Nina Ruslanova"],"countries":["Russia","Japan"],"directors":["Aleksandr Petrov"],"genres":["Animation","Short","Drama"],"id":96,"imdb":{"id":874952,"rating":8.0,"votes":910},"languages":["Russian"],"lastupdated":"2015-07-12 00:44:44.030000000","num_mflix_comments":0,"plot":"In nineteenth-century Russia, a teenage boy in search of love is drawn to two very different women.","released":{"$date":"2008-02-15T00:00:00Z"},"runtime":26,"title":"My Love","tomatoes":{"lastUpdated":{"$date":"2015-08-26T18:10:15Z"},"viewer":{"meter":89,"numReviews":90,"rating":4.1}},"type":"movie","writers":["Ivan Shmelyov (screenplay)"],"year":2006}]
