[{"_id":{"$oid":"573a13baf29313caabd50803"},"awards":{"nominations":0,"text":"1 win.","wins":1},"cast":["Michelle Morgan","Joshua Close","Shawn Roberts","Amy Lalonde"],"countries":["USA"],"directors":["George A. Romero"],"fullplot":"While filming a horror movie of mummy in a forest, the students and their professor of the University of Pittsburgh hear on the TV the news that the dead are awaking and walking. Ridley and Francine decide to leave the group, while Jason heads to the dormitory of his girlfriend Debra Monahan. She does not succeed in contacting her family and they travel in Mary's van to the house of Debra's parents in Scranton, Pennsylvania. While driving her van, Mary sees a car accident and runs over a highway patrolman and three other zombies trying to escape from them. Later the religious Mary is depressed, questioning whether the victims where really dead, and tries to commit suicide, shooting herself with a pistol. Her friends take her to a hospital where they realize that the dead are indeed awaking and walking and they need to fight to survive while traveling to Debra's parents house.","genres":["Horror"],"id":6,"imdb":{"id":848557,"rating":5.7,"votes":39373},"languages":["English"],"lastupdated":"2015-09-10 17:36:33.943000000","metacritic":66,"num_mflix_comments":0,"plot":"A group of young film students run into real-life zombies while filming a horror movie of their own.","poster":"https://m.media-amazon.com/images/M/MV5BNDg5MjAxMjA2Nl5BMl5BanBnXkFtZTcwMjE1OTc1MQ@@._V1_SY1000_SX677_AL_.jpg","rated":"R","released":{"$date":"2008-02-22T00:00:00Z"},"runtime":95,"title":"Diary of the Dead","tomatoes":{"boxOffice":"$0.7M","consensus":"As Diary of the Dead proves, time hasn't subdued George A. Romero's affection for mixing politics with gore, nor has it given him cinematic grace or subtlety.","critic":{"meter":62,"numReviews":128,"rating":6.1},"dvd":{"$date":"2008-05-20T00:00:00Z"},"fresh":79,"lastUpdated":{"$date":"2015-09-17T17:43:38Z"},"production":"The Weinstein Company","rotten":49,"viewer":{"meter":41,"numReviews":27017,"rating":2.9},"website":"http://www.myspace.com/diaryofthedead"},"type":"movie","writers":["George A. Romero"],"year":2007}]
