[{"_id":{"$oid":"573a13baf29313caabd52416"},"awards":{"nominations":2,"text":"1 win & 2 nominations.","wins":1},"cast":["Julia Roberts","I. Gusti Ayu Puspawati","Hadi Subiyanto","Billy Crudup"],"countries":["USA"],"directors":["Ryan Murphy"],"fullplot":"Liz Gilbert (Roberts) had everything a modern woman is supposed to dream of having - a husband, a house, a successful career - yet like so many others, she found herself lost, confused, and searching for what she really wanted in life. Newly divorced and at a crossroads, Gilbert steps out of her comfort zone, risking everything to change her life, embarking on a journey around the world that becomes a quest for self-discovery. In her travels, she discovers the true pleasure of nourishment by eating in Italy; the power of prayer in India, and, finally and unexpectedly, the inner peace and balance of true love in Bali.","genres":["Drama","Romance"],"id":116,"imdb":{"id":879870,"rating":5.6,"votes":57150},"languages":["English","Italian","Portuguese"],"lastupdated":"2015-09-11 00:05:45.343000000","metacritic":50,"num_mflix_comments":0,"plot":"A married woman realizes how unhappy her marriage really is, and that her life needs to go in a different direction. After a painful divorce, she takes off on a round-the-world journey to \"find herself\".","poster":"https://m.media-amazon.com/images/M/MV5BMTY5NDkyNzkyM15BMl5BanBnXkFtZTcwNDQyNDk0Mw@@._V1_SY1000_SX677_AL_.jpg","rated":"PG-13","released":{"$date":"2010-08-13T00:00:00Z"},"runtime":133,"title":"Eat Pray Love","tomatoes":{"boxOffice":"$80.6M","consensus":"The scenery is nice to look at, and Julia Roberts is as luminous as ever, but without the spiritual and emotional weight of the book that inspired it, Eat Pray Love is too shallow to resonate.","critic":{"meter":36,"numReviews":193,"rating":5.1},"dvd":{"$date":"2010-11-23T00:00:00Z"},"fresh":69,"lastUpdated":{"$date":"2015-09-12T19:16:30Z"},"production":"Sony Pictures","rotten":124,"viewer":{"meter":42,"numReviews":99914,"rating":3.0},"website":"http://www.sonypictures.com/movies/eatpraylove/"},"type":"movie","writers":["Ryan Murphy (screenplay)","Jennifer Salt (screenplay)","Elizabeth Gilbert (book)"],"year":2010}]
