[{"_id":{"$oid":"573a13bbf29313caabd52f53"},"awards":{"nominations":4,"text":"4 nominations.","wins":0},"cast":["Amanda Seyfried","Marcia DeBonis","Gael Garcèa Bernal","Giordano Formenti"],"countries":["USA"],"directors":["Gary Winick"],"fullplot":"An American girl on vacation in Italy finds an unanswered \"letter to Juliet\" -- one of thousands of missives left at the fictional lover's Verona courtyard, which are typically answered by a the \"secretaries of Juliet\" -- and she goes on a quest to find the lovers referenced in the letter.","genres":["Comedy","Drama","Romance"],"id":171,"imdb":{"id":892318,"rating":6.5,"votes":66411},"languages":["English","Italian","Spanish"],"lastupdated":"2015-09-07 00:24:07.617000000","metacritic":50,"num_mflix_comments":0,"plot":"Sophie dreams of becoming a writer and travels to Verona, Italy where she meets the \"Secretaries of Juliet\".","poster":"https://m.media-amazon.com/images/M/MV5BMjg0OTU0NDYwNF5BMl5BanBnXkFtZTcwNzUwNTMyMw@@._V1_SY1000_SX677_AL_.jpg","rated":"PG","released":{"$date":"2010-05-14T00:00:00Z"},"runtime":105,"title":"Letters to Juliet","tomatoes":{"boxOffice":"$53.0M","consensus":"Letters to Juliet has a refreshingly earnest romantic charm, but it suffers from limp dialogue and an utter lack of surprises.","critic":{"meter":40,"numReviews":151,"rating":5.1},"dvd":{"$date":"2010-09-14T00:00:00Z"},"fresh":61,"lastUpdated":{"$date":"2015-09-14T19:57:59Z"},"production":"Summit Entertainment","rotten":90,"viewer":{"meter":61,"numReviews":257833,"rating":3.0},"website":"http://LettersToJuliet-Movie.com/"},"type":"movie","writers":["Jose Rivera","Tim Sullivan"],"year":2010}]
