[{"_id":{"$oid":"573a13baf29313caabd5200f"},"awards":{"nominations":1,"text":"2 wins & 1 nomination.","wins":2},"cast":["Jean Dujardin","Jocelyn Quivrin","Patrick Mille","Vahina Giocante"],"countries":["France"],"directors":["Jan Kounen"],"fullplot":"The life of Octave Parango, a flamboyant ad designer, filled with success, satire, misery and love.","genres":["Comedy","Drama"],"id":101,"imdb":{"id":875113,"rating":7.3,"votes":13961},"languages":["French"],"lastupdated":"2015-08-27 00:49:38.820000000","num_mflix_comments":2,"plot":"The life of Octave Parango, a flamboyant ad designer, filled with success, satire, misery and love.","poster":"https://m.media-amazon.com/images/M/MV5BM2IyOGQ2OGYtODZiZC00ODVhLTliMTAtODlmNDA0ODRiMGYwXkEyXkFqcGdeQXVyMjc1NDA2OA@@._V1_SY1000_SX677_AL_.jpg","released":{"$date":"2007-09-26T00:00:00Z"},"runtime":100,"title":"99 francs","tomatoes":{"dvd":{"$date":"2009-05-12T00:00:00Z"},"lastUpdated":{"$date":"2015-09-15T18:30:55Z"},"production":"Equinoxe Films","viewer":{"meter":74,"numReviews":6259,"rating":3.7},"website":"http://www.99francs-lefilm.com/"},"type":"movie","writers":["Nicolas Charlet (screenplay)","Bruno Lavaine (screenplay)","Jan Kounen (screenplay)","Frèdèric Beigbeder (novel)"],"year":2007}]
