[{"_id":{"$oid":"573a13baf29313caabd51be0"},"awards":{"nominations":1,"text":"1 nomination.","wins":0},"cast":["Akron/Family","Animal Collective","Battles","Belle & Sebastian"],"countries":["UK"],"directors":["Jonathan Caouette"],"fullplot":"A kaleidoscopic journey into the parallel musical universe of cult music festival All Tomorrow's Parties.","genres":["Documentary","Music"],"id":82,"imdb":{"id":870210,"rating":7.2,"votes":501},"languages":["English"],"lastupdated":"2015-06-13 00:59:01.010000000","num_mflix_comments":1,"plot":"A kaleidoscopic journey into the parallel musical universe of cult music festival All Tomorrow's Parties.","poster":"https://m.media-amazon.com/images/M/MV5BMjAwNTg3NzUwOF5BMl5BanBnXkFtZTcwODcwOTIxMw@@._V1_SY1000_SX677_AL_.jpg","released":{"$date":"2009-03-14T00:00:00Z"},"runtime":82,"title":"All Tomorrow's Parties","tomatoes":{"dvd":{"$date":"2009-11-24T00:00:00Z"},"lastUpdated":{"$date":"2015-07-27T19:27:47Z"},"production":"Warp X","viewer":{"meter":64,"numReviews":259,"rating":3.4}},"type":"movie","year":2009}]
