[{"_id":{"$oid":"573a13bbf29313caabd52c70"},"awards":{"nominations":3,"text":"3 nominations.","wins":0},"cast":["Matthew Broderick","Brittany Snow","Maura Tierney","Peter Facinelli"],"countries":["USA"],"directors":["Peter Tolan"],"fullplot":"Taylor Mendon is a Hollywood scriptwriter on a minor rebound from drugs and booze. He's writing for a mirthless sit-com and betting on the horses behind his wife's back when her sister calls needing help: Taylor's 20-year-old niece Amanda has become a hooker in Las Vegas. He promises to find her, bring her back, and pay for her stay at an expensive rehab center. Once in Nevada, Taylor starts gambling in earnest using money loaned him by the casino. He also finds Amanda, a cheerful prostitute, uninterested in reform. Can Taylor win back his borrowings, keep his wife from discovering his habit, and help Amanda find redemption? Or is life different from a sit-com?","genres":["Comedy","Drama"],"id":155,"imdb":{"id":889134,"rating":5.6,"votes":2949},"languages":["English"],"lastupdated":"2015-09-06 00:34:46.463000000","metacritic":51,"num_mflix_comments":2,"plot":"A television producer with a penchant for drinking and gambling is sent to Las Vegas to convince his troubled niece to enter rehab.","poster":"https://m.media-amazon.com/images/M/MV5BMjE4NzYxMTE4Nl5BMl5BanBnXkFtZTcwMDUyNjE3MQ@@._V1_SY1000_SX677_AL_.jpg","rated":"R","released":{"$date":"2011-03-14T00:00:00Z"},"runtime":96,"title":"Finding Amanda","tomatoes":{"boxOffice":"$31.3k","consensus":"Despite a charming turn by Matthew Broderick, Finding Amanda is too flimsily executed to succeed as a dark comedy.","critic":{"meter":40,"numReviews":43,"rating":5.1},"dvd":{"$date":"2008-09-16T00:00:00Z"},"fresh":17,"lastUpdated":{"$date":"2015-08-23T16:20:52Z"},"production":"Mitropoulos Films","rotten":26,"viewer":{"meter":28,"numReviews":2409,"rating":2.7}},"type":"movie","writers":["Peter Tolan"],"year":2008}]
