[{"_id":{"$oid":"573a13baf29313caabd5235e"},"awards":{"nominations":28,"text":"Won 1 Oscar. Another 7 wins & 28 nominations.","wins":8},"cast":["Sandra Bullock","Tim McGraw","Quinton Aaron","Jae Head"],"countries":["USA"],"directors":["John Lee Hancock"],"fullplot":"Based on the true story of Leigh Anne and Sean Tuohy who take in a homeless teenage African-American, Michael \"Big Mike\" Oher. Michael has no idea who his father is and his mother is a drug addict. Michael has had little formal education and few skills to help him learn. Leigh Anne soon takes charge however, as is her nature, ensuring that the young man has every opportunity to succeed. When he expresses an interest in football, she goes all out to help him, including giving the coach a few ideas on how best to use Michael's skills. They not only provide him with a loving home, but hire a tutor to help him improve his grades to the point where he would qualify for an NCAA Division I athletic scholarship. Michael Oher was the first-round pick of the Baltimore Ravens in the 2009 NFL draft.","genres":["Biography","Drama","Sport"],"id":112,"imdb":{"id":878804,"rating":7.7,"votes":199776},"languages":["English"],"lastupdated":"2015-09-03 00:38:37.287000000","metacritic":53,"num_mflix_comments":1,"plot":"The story of Michael Oher, a homeless and traumatized boy who became an All American football player and first round NFL draft pick with the help of a caring woman and her family.","poster":"https://m.media-amazon.com/images/M/MV5BMjEzOTE3ODM3OF5BMl5BanBnXkFtZTcwMzYyODI4Mg@@._V1_SY1000_SX677_AL_.jpg","rated":"PG-13","released":{"$date":"2009-11-20T00:00:00Z"},"runtime":129,"title":"The Blind Side","tomatoes":{"boxOffice":"$255.5M","consensus":"It might strike some viewers as a little too pat, but The Blind Side has the benefit of strong source material and a strong performance from Sandra Bullock.","critic":{"meter":66,"numReviews":197,"rating":6.1},"dvd":{"$date":"2010-03-23T00:00:00Z"},"fresh":130,"lastUpdated":{"$date":"2015-09-10T17:29:24Z"},"production":"Warner Bros. Pictures","rotten":67,"viewer":{"meter":85,"numReviews":429539,"rating":4.1},"website":"http://www.TheBlindSideMovie.com"},"type":"movie","writers":["John Lee Hancock","Michael Lewis (book)"],"year":2009}]
