[{"_id":{"$oid":"573a13baf29313caabd517b3"},"awards":{"nominations":0,"text":"1 win.","wins":1},"cast":["Blayne Weaver","Martin Starr","Natalie Morales","Patrick J. Adams"],"countries":["USA"],"directors":["Blayne Weaver"],"fullplot":"A womanizer teaches his clueless friend the rules about being single and avoiding emotional attachment.","genres":["Comedy"],"id":66,"imdb":{"id":865561,"rating":4.8,"votes":515},"languages":["English"],"lastupdated":"2015-08-22 01:15:27.063000000","metacritic":31,"num_mflix_comments":0,"plot":"A womanizer teaches his clueless friend the rules about being single and avoiding emotional attachment.","poster":"https://m.media-amazon.com/images/M/MV5BMTQwODY3Mzc5NF5BMl5BanBnXkFtZTcwNDUzMjQ4Nw@@._V1_SY1000_SX677_AL_.jpg","rated":"R","released":{"$date":"2012-08-07T00:00:00Z"},"title":"6 Month Rule","tomatoes":{"boxOffice":"$11.2k","critic":{"meter":22,"numReviews":9,"rating":3.3},"dvd":{"$date":"2013-05-28T00:00:00Z"},"fresh":2,"lastUpdated":{"$date":"2015-08-11T19:12:59Z"},"production":"Abramorama","rotten":7,"viewer":{"meter":38,"numReviews":1220,"rating":3.2},"website":"http://www.6monthrulemovie.com/"},"type":"movie","writers":["Blayne Weaver"],"year":2011}]
