[{"_id":{"$oid":"573a13bbf29313caabd52ce8"},"awards":{"nominations":4,"text":"2 wins & 4 nominations.","wins":2},"cast":["Sacha Baron Cohen","Gustaf Hammarsten","Clifford Baèagale","Chibundu Orukwowu"],"countries":["USA"],"directors":["Larry Charles"],"fullplot":"Brèno is a gay Austrian fashion guru. He has his own fashion based television show, Funkyzeit, the most popular German-language show of its kind outside of Germany. After he disgraces himself in front of his Funkyzeit fan base, he is ruined in German speaking Europe. He decides that in his quest for worldwide fame, he will move to Los Angeles and reinvent himself. Accompanying him to the US is Lutz, his former assistant's assistant. Lutz is the only person left in his circle that still believes in Brèno's greatness. Brèno goes through one reinvention of himself after another, ultimately straying to areas far removed from his own self. Perhaps when Brèno finds an activity that he truly does love, he will also find that èber-fame he so desperately desires.","genres":["Comedy"],"id":159,"imdb":{"id":889583,"rating":5.9,"votes":110774},"languages":["English","German"],"lastupdated":"2015-08-28 00:38:44.610000000","metacritic":54,"num_mflix_comments":0,"plot":"Flamboyant and gay Austrian Brèno looks for new fame in America.","poster":"https://m.media-amazon.com/images/M/MV5BMTUwNDIwNDE5MV5BMl5BanBnXkFtZTcwMDA2MzA1Mg@@._V1_SY1000_SX677_AL_.jpg","rated":"R","released":{"$date":"2009-07-10T00:00:00Z"},"runtime":81,"title":"Brèno","tomatoes":{"boxOffice":"$60.0M","consensus":"Crude and offensive, but with ample cultural insights and gut-busting laughs, Bruno is another outlandish and entertaining mockumentary from Sacha Baron Cohen.","critic":{"meter":68,"numReviews":215,"rating":6.2},"dvd":{"$date":"2009-11-17T00:00:00Z"},"fresh":146,"lastUpdated":{"$date":"2015-09-16T18:12:19Z"},"production":"Universal Pictures","rotten":69,"viewer":{"meter":41,"numReviews":585123,"rating":2.7},"website":"http://www.meinspace.com/bruno"},"type":"movie","writers":["Sacha Baron Cohen (screenplay)","Anthony Hines (screenplay)","Dan Mazer (screenplay)","Jeff Schaffer (screenplay)","Sacha Baron Cohen (story)","Peter Baynham (story)","Anthony Hines (story)","Dan Mazer (story)","Sacha Baron Cohen (character)"],"year":2009}]
