[{"_id":{"$oid":"573a13baf29313caabd52065"},"awards":{"nominations":1,"text":"1 nomination.","wins":0},"cast":["Sissy Spacek","Jason Davis","Alina Phelan","Cheryl Fare"],"countries":["USA"],"directors":["Hunter Hill","Perry Moore"],"fullplot":"A desperate young man, on the run from a dangerous drug dealer, returns to his mother, years after a family tragedy drove them far apart, to hide. However, his old and new life are about to collide.","genres":["Crime","Drama"],"id":105,"imdb":{"id":875705,"rating":6.0,"votes":689},"languages":["English"],"lastupdated":"2015-08-14 01:15:06.553000000","metacritic":29,"num_mflix_comments":0,"plot":"A desperate young man, on the run from a dangerous drug dealer, returns to his mother, years after a family tragedy drove them far apart, to hide. However, his old and new life are about to collide.","poster":"https://m.media-amazon.com/images/M/MV5BMTg3MzYyMTgxMV5BMl5BanBnXkFtZTcwNzAxNzg3Mg@@._V1_SY1000_SX677_AL_.jpg","rated":"R","released":{"$date":"2008-04-25T00:00:00Z"},"runtime":93,"title":"Lake City","tomatoes":{"consensus":"Lake City fails to make use of its accomplished cast, with the story unraveling amid the competing visions of its dual directors.","critic":{"meter":12,"numReviews":26,"rating":3.6},"dvd":{"$date":"2009-03-03T00:00:00Z"},"fresh":3,"lastUpdated":{"$date":"2015-08-26T18:04:35Z"},"production":"Screen Media Films","rotten":23,"viewer":{"meter":33,"numReviews":3672,"rating":2.9},"website":"http://www.screenmediafilms.net/lakecity"},"type":"movie","writers":["Hunter Hill (screenplay)","Perry Moore (screenplay)"],"year":2008}]
