[{"_id":{"$oid":"573a13baf29313caabd5110f"},"awards":{"nominations":1,"text":"4 wins & 1 nomination.","wins":4},"cast":["Chad Allen","Rosanna Arquette","Bill Birch","Brooke Bloom"],"countries":["USA"],"directors":["Aristomenis Tsirbas"],"fullplot":"BATTLE for TERRA is a fantastic journey to worlds we have only dreamed of. It is a story of friendship, family, sacrifice and most importantly, the realization that all of our survival relies on our earth's precious natural resources.","genres":["Animation","Action","Adventure"],"id":44,"imdb":{"id":858486,"rating":6.7,"votes":9595},"languages":["English"],"lastupdated":"2015-09-10 18:00:30.320000000","metacritic":54,"num_mflix_comments":1,"plot":"A peaceful alien planet faces annihilation, as the homeless remainder of the human race sets its eyes on Terra. Mala, a rebellious Terrian teenager, will do everything she can to stop it.","poster":"https://m.media-amazon.com/images/M/MV5BMTQ4NDc1NTYwM15BMl5BanBnXkFtZTcwODY3MTUzMg@@._V1_SY1000_SX677_AL_.jpg","rated":"PG","released":{"$date":"2009-05-01T00:00:00Z"},"runtime":85,"title":"Battle for Terra","tomatoes":{"boxOffice":"$1.6M","consensus":"Despite its earnest aspirations to be a thought-provoking sci-fi alternative, Battle for Terra lacks both a cohesive story and polished visuals, and fails to resonate.","critic":{"meter":48,"numReviews":94,"rating":5.5},"dvd":{"$date":"2009-09-22T00:00:00Z"},"fresh":45,"lastUpdated":{"$date":"2015-09-17T17:01:57Z"},"production":"Roadside Atrractions","rotten":49,"viewer":{"meter":41,"numReviews":68999,"rating":3.0},"website":"http:// www.battleforterra.com/"},"type":"movie","writers":["Evan Spiliotopoulos (screenplay)","Aristomenis Tsirbas (story)"],"year":2007}]
