[{"_id":{"$oid":"573a13bbf29313caabd52963"},"awards":{"nominations":0,"text":"2 wins.","wins":2},"cast":["Julien Boisselier","Hèlène de Fougerolles","Marianne Basler","Frèdèric van den Driessche"],"countries":["France","Switzerland"],"directors":["David Delrieux"],"genres":["Drama","Sci-Fi"],"id":146,"imdb":{"id":885484,"rating":7.2,"votes":164},"languages":["French"],"lastupdated":"2015-07-17 02:06:59.583000000","num_mflix_comments":0,"released":{"$date":"2006-11-15T00:00:00Z"},"runtime":95,"title":"Des fleurs pour Algernon","tomatoes":{"lastUpdated":{"$date":"2015-08-17T19:20:56Z"},"production":"Emperor Motion Pictures","viewer":{"meter":34,"numReviews":521,"rating":2.7}},"type":"movie","writers":["Daniel Keyes (based on the novel by)","Anne Giafferi (scenario and dialogue)","Anne Giafferi (adaptation)","David Delrieux (adaptation)"],"year":2006}]
